URL,ranking,EU,US
https://dzen.ru/,1000,Yes ⚠️,Yes ⚠️
https://ficbook.net/,1000,Yes ⚠️,Yes ⚠️
https://gdz.ru/,1000,Yes ⚠️,Yes ⚠️
https://m.avito.ru/,1000,Yes ⚠️,Yes ⚠️
https://mail.ru/,1000,Yes ⚠️,Yes ⚠️
https://moviebox.ng/,1000,Yes,Yes
https://tubidy.social/,1000,Yes,Yes
https://www.gismeteo.ru/,1000,Yes ⚠️,Yes ⚠️
https://www.hurriyet.com.tr/,1000,Yes ⚠️,Yes
https://www.milliyet.com.tr/,1000,Yes ⚠️,Yes
https://www.russianfood.com/,1000,No,Yes ⚠️
https://www.varzesh3.com/,1000,Yes ⚠️,Yes ⚠️
https://ya.ru/,1000,Yes,Yes
https://yandex.by/,1000,Yes,Yes
https://360.yandex.ru/disk/,5000,Yes,Yes
https://360.yandex.ru/mail/,5000,Yes,Yes
https://afisha.yandex.ru/moscow,5000,Yes,Yes
https://amedia.lol/,5000,Yes ⚠️,Yes ⚠️
https://animevost.org/,5000,Yes ⚠️,Yes ⚠️
https://avidreaders.ru/,5000,Yes ⚠️,Yes ⚠️
https://baku.ws/,5000,Yes ⚠️,Yes ⚠️
https://championat.asia/uz/m/,5000,Yes ⚠️,Yes ⚠️
https://daryo.uz/,5000,Yes ⚠️,Yes ⚠️
https://deti-online.com/,5000,Yes ⚠️,Yes ⚠️
https://eadaily.com/ru/,5000,Yes ⚠️,Yes ⚠️
https://havadurumu15gunluk.xyz/,5000,Yes ⚠️,Yes ⚠️
https://hh.ru/,5000,Yes ⚠️,Yes ⚠️
https://indiamobiletube.com/,5000,Yes ⚠️,Yes ⚠️
https://kzgdz.com/,5000,Yes ⚠️,Yes ⚠️
https://lenta.ru/,5000,Yes ⚠️,Yes ⚠️
https://m.dzen.ru/,5000,Yes ⚠️,Yes ⚠️
https://m.iamcook.ru/,5000,Yes ⚠️,Yes ⚠️
https://m.ura.news/,5000,Yes ⚠️,Yes ⚠️
https://market.yandex.ru/showcaptcha?cc=1&form-fb-hint=2.9&mt=2126AA1F90D3E6D1A8782363F822485BEAD94AF65C815C1DF98044E6C1A6104F0D14721D37AEA7BECBBE4EDDE001BB465A7BD78BD4775EEC479AF24BDF310CB012068100630DED19FDE982CFF44D8A8A8A560576D27B8014367676437566B51FC7FE5A62039159730FD696009D9D0B57F68FA4BF7A301648950899BD7258BCED1DCA1DCF406B84BF4A34C2CF2F51F45832DEA087AE24E86A196B2A42AFC6C6DF9EFD40DF9E2EF1413060586AFF17F74285BEBADA5FAD2C17F8B4C2C98A27CB105EAA47CE00787D9D1C8A7E9A393556A9EBC926F24827DEB9156F953D7F&retpath=aHR0cHM6Ly9tYXJrZXQueWFuZGV4LnJ1Lz8%2C_8912ab831cd5bf821ba0757833b3bd89&t=2/1744284825/9690d87739ec5c3d43f2016c882ede63&u=6376508660831285609&s=5297e6b46a3408bcad026d419b57183d,5000,Yes,No
https://market.yandex.ru/showcaptcha?cc=1&form-fb-hint=2.9&mt=CF19F8B886220C29F3369EC791893FB41A7813F446286EC1871ECB3230B73F554314565D42A8A3205C13699FCA7332FF05EE411133F49AA8D883772D6186FD13825C540F503DA0DB8BF1850B8144A729782E3D98D1B595DA4F2801F682F1463725B1159B5E7B31A7FCB23E9840DD65BC5782748A354A86B575D883FCE1AABC58290B05790B5CCE071CA36A0B1E320E4432A18B8EEC395B1E618A3CD4C93D4F63A39DC68BC03B5C754A4C64297C2F26C2E0D7E3BCF05D6B6CD0BA4F57EF25D0BFEB40E910D11717DF13DC5F3FDB37C11903838E27955EED042168EA4558&retpath=aHR0cHM6Ly9tYXJrZXQueWFuZGV4LnJ1Lz8%2C_8912ab831cd5bf821ba0757833b3bd89&t=2/1744285204/193458328847e18f142e472903e1b0c0&u=6376534156629533572&s=fc9c7edeb3af74a2dab656569bc9d25f,5000,No,Yes
https://mbigpara.hurriyet.com.tr/,5000,Yes ⚠️,Yes ⚠️
https://news.rambler.ru/,5000,Yes ⚠️,Yes ⚠️
https://news.ru/,5000,Yes ⚠️,Yes ⚠️
https://news.sportbox.ru/,5000,No,Yes ⚠️
https://playmods.net/,5000,No,Yes ⚠️
https://playmods.net/de,5000,Yes ⚠️,No
https://pozdravok.com/,5000,Yes ⚠️,Yes ⚠️
https://radio1.ru/,5000,No,Yes ⚠️
https://readli.net/,5000,Yes,Yes
https://ria.ru/,5000,Yes ⚠️,Yes ⚠️
https://soccer365.ru/,5000,Yes ⚠️,Yes ⚠️
https://testter.kz/,5000,Yes,Yes
https://topwar.ru/,5000,Yes ⚠️,Yes ⚠️
https://tv.yandex.ru/,5000,Yes ⚠️,Yes ⚠️
https://v5.vost.pw/,5000,Yes ⚠️,Yes
https://video.varzesh3.com/,5000,Yes ⚠️,Yes ⚠️
https://web.usagi.one/,5000,Yes ⚠️,Yes ⚠️
https://www.808ball.com/,5000,Yes,Yes
https://www.ahindian.com/,5000,Yes ⚠️,Yes ⚠️
https://www.darmankade.com/,5000,Yes ⚠️,Yes ⚠️
https://www.e1.ru/,5000,Yes,No
https://www.evvelcevap.com/,5000,Yes ⚠️,Yes ⚠️
https://www.fanatik.com.tr/,5000,Yes ⚠️,Yes ⚠️
https://www.gismeteo.kz/,5000,Yes ⚠️,Yes ⚠️
https://www.kanald.com.tr/,5000,No,Yes
https://www.khabaronline.ir/,5000,Yes ⚠️,Yes ⚠️
https://www.kinopoisk.ru/showcaptcha?cc=1&form-fb-hint=2.20&mt=0667FF3B7D57B4FDAA397272BF14A760B703063EFE267FC02A76FE00BC13E34B97369C1141573D8FDD6C66A618BC2B280B836CD0434A60CF6F6F48698F1B51C25A2C966B9980C3C2E8A668F41E22A0D07E8A6E26B4D68B70858D7394FBE4D3F70F5445E7B3E5C51FE5221F4BB1F3740D7B53002A0CCCDF022699CDC3351527B36600BFA038C82AD0AA8F2D86F6AB3B83D23B7327976758521481EF00AED21ECBF04476DCF56420715D2F1EF7F8F532F8E48560C5C89AB727E75D72CA794BDF2B9ECA985EAB4E9C6EB25D20E4AFADDE8BA81660CAD9C898485CA7F91EAA&retpath=aHR0cHM6Ly93d3cua2lub3BvaXNrLnJ1Lz8%2C_906a4a9ea68702e16a75904241d5729d&t=2/1744284278/344fb9e7f1a7876d45cd806bc819051e&u=6376472013216844039&s=9b4685b4d455bce0341ee973c7efcdce,5000,No,Yes
https://www.kinopoisk.ru/showcaptcha?cc=1&form-fb-hint=8.20&mt=33EEEE20FC51C292E1B05C48907EB40467E1553D18D132E53608DF10125689E0808876913447244C7CACAFFC3FC8B2E1196EC82B7E75C87643A5079818F6E23374139F542C5C7338CB0C6DE59E30F56C57AF53ECFF89B936318FF5838A82B8BA94836A571DBB1DC31CD767918B43457618A88297A0E3334B287FA9829E35269DFEEA63128D8F6C5333961BAFAC111C02F8D2545E02EE6E4326E575167B31A537258A2172976742C75A56417EB552F0CF2C2F66023538674788784275E2C41981C872B1DF69D8EDA19BAF60EA33353057C2B155E9B6E21A23E484E5D03E&retpath=aHR0cHM6Ly93d3cua2lub3BvaXNrLnJ1Lz8%2C_906a4a9ea68702e16a75904241d5729d&t=2/1744283943/9b32318644eac645e6bcb64de02b0488&u=6376449530809733203&s=9f8a17234a072b52be90beca5e25ab14,5000,Yes,No
https://www.livesports088.com/,5000,Yes,Yes
https://www.rbc.ru/,5000,No,Yes
https://www.reserved.com/de/de/,5000,Yes,No
https://www.sinsay.com/de/de/,5000,Yes,No
https://www.sports.kz/,5000,Yes ⚠️,Yes ⚠️
https://www.zakon.kz/,5000,Yes ⚠️,Yes
https://www1.ru/,5000,No,Yes ⚠️
https://yandex.eu/,5000,Yes,Yes
https://yandex.kz/,5000,Yes ⚠️,Yes ⚠️
https://zamin.uz/,5000,Yes ⚠️,Yes ⚠️
https://10.doramatv.one/,10000,Yes ⚠️,Yes ⚠️
https://anistar.org/,10000,Yes ⚠️,Yes ⚠️
https://auto.ru/showcaptcha?cc=1&form-fb-hint=2.21&mt=A58E6FD2778691D59FBF2E06F9545FC9106C5E31D1E38E6756F1F9022F7EA42D54567628AFE4162B93E8A4F658C59782ED46B1D111EA699DBAE9FD0045B10BDFB8B3CC2E04ABF678FBFF23ABEB418BA89F4D94FBED96520DC7743CAE82E62EBC319B4CD5F98BEF54863BD2825C2962715BF55246B5BE37C7B904CB18396068EAD0426650CD6DF6C97C9A9E43E8C95DBF802F8FD001D55C3B0292395809B99BC7428E896819E0AE008448E135D633E622D4D71DAE91B3A61CA1D8043233CFF2C8AE8B3D78260E3E39D655D6AB112C2AB4E70F7D48F5997AE2A0408D3A63&retpath=aHR0cHM6Ly9hdXRvLnJ1Lz8%2C_49591181a4ffdf593f579192c00ec7ac&t=2/1744290271/d2e312b886c8cb1204f01dcef155f1c9&u=6376874190063957437&s=28fc52f12469a4394b1e732db359688e,10000,Yes,No
https://auto.ru/showcaptcha?cc=1&form-fb-hint=2.21&mt=D62AB6DC1F21E0114E81A18FD2C62E114ABC21C46EE6F56D2F5EC3F73B043B732AC552668DB9569280599BD01BBC95DA69C584028915AB30669A4D265CF471D7B4B1485C042431E972AEDDA2E0744AE692236A649B21F3C252C9A510E7EC6EB215EFA7D2487F43BFD3D6350DD84E9F43C71DA82DFA0AF4E994CBF0942EBEAB3A87B462A535C9ACD4E18B617B0ABC5E3AD0DC30D520636A36E4AE392F5AE3DE755E3D7BB9CB4EBF59CA03B7A315727E2D82D768780EE757D4FCC1DB382762CFB5EC9483557BDB0A984C8C5F2C345305D95F7BF31AF4BB7832EB003BE92B&retpath=aHR0cHM6Ly9hdXRvLnJ1Lz8%2C_49591181a4ffdf593f579192c00ec7ac&t=2/1744290896/ab806b6702e86237976a3c0fd73c75f0&u=6376916117467624113&s=448d3ea50330226cc977cc5b54c09bb6,10000,No,Yes
https://bilimclass.kz/login,10000,Yes ⚠️,Yes ⚠️
https://blizko.by/,10000,Yes,Yes
https://blog.okala.com/,10000,Yes,Yes
https://eda.ru/,10000,Yes ⚠️,Yes ⚠️
https://football.kulichki.net/,10000,Yes ⚠️,Yes ⚠️
https://ig-store.ru/,10000,Yes ⚠️,Yes ⚠️
https://ixbt.games/,10000,Yes ⚠️,Yes ⚠️
https://klops.ru/,10000,Yes,Yes
https://kniga-online.com/,10000,Yes ⚠️,No
https://knigoed.net/,10000,Yes ⚠️,Yes ⚠️
https://knigorai.com/,10000,Yes ⚠️,Yes ⚠️
https://kubnews.ru/,10000,Yes ⚠️,Yes ⚠️
https://libcat.ru/,10000,No,Yes ⚠️
https://libking.ru/,10000,No,Yes ⚠️
https://litboom.ru/,10000,Yes ⚠️,Yes ⚠️
https://litmir.club/,10000,Yes ⚠️,Yes ⚠️
https://m.3d-galleru.ru/,10000,Yes ⚠️,Yes ⚠️
https://m.hqporner.com/,10000,Yes ⚠️,Yes ⚠️
https://m.kinosimka.plus/,10000,Yes ⚠️,Yes ⚠️
https://m.posta.com.tr/,10000,Yes ⚠️,Yes
https://m.rp5.ru/,10000,Yes ⚠️,Yes ⚠️
https://m.sport-express.net/,10000,Yes ⚠️,Yes ⚠️
https://m.tizam.biz/,10000,Yes,Yes
https://matchtv.ru/,10000,Yes,Yes ⚠️
https://mp3uk.net/,10000,Yes ⚠️,Yes ⚠️
https://music.yandex.ru/,10000,Yes ⚠️,Yes ⚠️
https://nord-news.ru/,10000,Yes ⚠️,Yes ⚠️
https://onedio.com/,10000,Yes ⚠️,Yes
https://overclockers.ru/,10000,Yes ⚠️,Yes ⚠️
https://pdalife.to/,10000,No,Yes
https://pg21.ru/,10000,Yes ⚠️,Yes ⚠️
https://plus.yandex.ru/,10000,Yes,Yes
https://pomogalka.me/,10000,Yes ⚠️,Yes ⚠️
https://prochepetsk.ru/,10000,Yes ⚠️,No
https://progorodsamara.ru/,10000,Yes ⚠️,Yes ⚠️
https://rf.kinokordon.net/,10000,Yes,Yes
https://ris.promo/,10000,Yes ⚠️,Yes ⚠️
https://senkuro.com/,10000,Yes,Yes
https://spb.hh.ru/,10000,Yes ⚠️,Yes ⚠️
https://t.rasp.yandex.ru/showcaptcha?form-fb-hint=8.98&mt=324A98D5E9288C1A273978C0B0FECD56ADF6D7A5BA05272BFA952782F79543CD6B3237BEBE3064A53377862EC1C7991F4C3961D9E89A49FF630580FF963989BB008522ECACC333F3FCCD77EA4B6A2A75A768A29E90678DA29CA608BBE23ABB2940A97440D739E706743357F2BA8EB2FA3C587545016AD39D9ECE2297F01C9FC5EF2CC831E40BF25E30EB015E016C7594B9C4C78ECE36043B89382AED1C1699A120FEFEC0D64D287355320E6F52C0A3E24B62E58B11DE39D6577C15470003487AD0E45FD0319F024A65A4B0B8CC4534C09D7720DC9613A4FCF30E5FA923&retpath=aHR0cHM6Ly90LnJhc3AueWFuZGV4LnJ1Lw%2C%2C_b9415196c61d589a1301d36ca8a11271&t=2/1744295563/0dbb25599e42b6364d23879f50755d45&u=6377229335405539513&s=1117956d911db7bf57122ab82ce3caaa,10000,Yes,No
https://t.rasp.yandex.ru/showcaptcha?form-fb-hint=8.98&mt=5AA4241F29D5ABB8EAE422F655813A98C36AB4ABA4A65CDA0A94CE4F03EE0DC3B416C1B6F341D245F6B12720A93E114FD5E18C011F49F16B44D01581295C70A5445A61EEAEBE50D8920F249A4A01BE303B5BE6A144C80A68C808B31EC5F8AD605B627E7815322793F36BDD250D72DD5D392FF8E8875D81B7D4B3959FF94AEC3FCA6151C9ED259664EC157FD29C2724D345371A67ED0D3A2DEF9CC1058381516091B50031FB8CEC7FF847EDF68CC4DCBF80EAD12AF731D2A14CC06AC75DB095E3900FA0C6EB403BF8244B92216A49BFAF014BDAE3E8F577CB2F9A0C8D1A&retpath=aHR0cHM6Ly90LnJhc3AueWFuZGV4LnJ1Lw%2C%2C_a6eb78f19716f8fe7fc021fed7ec9152&t=2/1744296513/d1599582bf3e0adaba12cc041083c676&u=6377293039972307250&s=f593e454934d725df1a0310c8587cd4e,10000,No,Yes
https://telegraf.news/,10000,Yes ⚠️,Yes ⚠️
https://top-radio.ru/,10000,Yes ⚠️,Yes ⚠️
https://topcor.ru/,10000,Yes ⚠️,Yes ⚠️
https://translate.yandex.ru/?source_lang=en&target_lang=ru,10000,Yes,Yes
https://tubidy.rocks/,10000,Yes ⚠️,Yes ⚠️
https://uzmovi.tv/,10000,Yes ⚠️,Yes ⚠️
https://vb.topbook.me/,10000,Yes ⚠️,Yes ⚠️
https://vesti.kz/,10000,Yes ⚠️,Yes ⚠️
https://vologda-poisk.ru/,10000,Yes ⚠️,Yes ⚠️
https://weather.day.az/,10000,Yes ⚠️,Yes ⚠️
https://www.1tv.ru/,10000,No,Yes ⚠️
https://www.808fubo.com/,10000,Yes,Yes
https://www.detmir.ru/,10000,Yes,Yes
https://www.euroki.org/,10000,Yes ⚠️,Yes ⚠️
https://www.fontanka.ru/,10000,No,Yes ⚠️
https://www.gazeta.ru/,10000,Yes ⚠️,Yes ⚠️
https://www.hamrah-mechanic.com/,10000,Yes,Yes ⚠️
https://www.interfax.ru/,10000,Yes ⚠️,Yes ⚠️
https://www.kaluga-poisk.ru/,10000,Yes ⚠️,Yes ⚠️
https://www.kumanga.com/,10000,Yes,No
https://www.m.njcar.ru/,10000,Yes ⚠️,Yes ⚠️
https://www.mohito.com/de/de/,10000,Yes,No
https://www.nefes.com.tr/,10000,Yes ⚠️,Yes ⚠️
https://www.nethaber.com/,10000,Yes ⚠️,Yes ⚠️
https://www.odatv.com/,10000,Yes ⚠️,Yes ⚠️
https://www.ontvtime.ru/,10000,Yes ⚠️,Yes ⚠️
https://www.playground.ru/,10000,No,Yes ⚠️
https://www.profinance.ru/,10000,Yes ⚠️,Yes ⚠️
https://www.rambler.ru/,10000,Yes ⚠️,Yes ⚠️
https://www.rulit.me/,10000,Yes ⚠️,Yes ⚠️
https://www.techinsider.ru/,10000,Yes,Yes
https://www.test-uz.ru/,10000,Yes ⚠️,Yes ⚠️
https://www.vedomosti.ru/,10000,Yes ⚠️,Yes ⚠️
https://www.vidal.ru/,10000,Yes ⚠️,Yes ⚠️
https://x-video.tube/,10000,Yes ⚠️,Yes ⚠️
https://xxxdesi.top/,10000,Yes ⚠️,Yes ⚠️
https://yandex.uz/,10000,Yes,Yes
http://book-online.com.ua/,50000,Yes ⚠️,Yes ⚠️
http://fapl.ru/,50000,Yes,Yes
http://klaksona.net/,50000,Yes ⚠️,Yes ⚠️
http://sec.400km.ru/,50000,Yes ⚠️,Yes ⚠️
http://sec.reshmat.ru/,50000,Yes ⚠️,Yes ⚠️
http://www.avtodnestr.com/,50000,Yes ⚠️,Yes ⚠️
http://www.insecam.org/,50000,Yes ⚠️,Yes ⚠️
https://1.grouple.co/,50000,Yes ⚠️,Yes ⚠️
https://1.seimanga.me/,50000,Yes ⚠️,Yes ⚠️
https://1001goroskop.ru/,50000,Yes ⚠️,Yes ⚠️
https://161.ru/,50000,Yes ⚠️,Yes ⚠️
https://1xbet.co.ke/en/block,50000,Yes ⚠️,Yes ⚠️
https://1xbookmaker.in/,50000,Yes ⚠️,Yes ⚠️
https://2.doramatv.live/,50000,Yes ⚠️,Yes ⚠️
https://2.mydoramalive.com/,50000,Yes,Yes
https://300.ya.ru/?nr=1,50000,Yes,Yes
https://35awards.com/,50000,Yes ⚠️,Yes ⚠️
https://360.yandex.com/disk/,50000,Yes,Yes
https://360.yandex.com/mail/,50000,Yes,Yes
https://360.yandex.ru/,50000,Yes,Yes
https://3d-galleru.ru/,50000,Yes ⚠️,Yes ⚠️
https://3dnews.ru/,50000,Yes,Yes
https://59.ru/,50000,Yes ⚠️,Yes ⚠️
https://63.ru/,50000,Yes ⚠️,Yes ⚠️
https://72.ru/,50000,Yes ⚠️,Yes ⚠️
https://74.ru/,50000,Yes ⚠️,Yes ⚠️
https://76.ru/,50000,Yes ⚠️,Yes ⚠️
https://911blw.com/,50000,Yes ⚠️,Yes ⚠️
https://a.pornoakt.info/,50000,Yes,Yes
https://abantether.com/,50000,Yes ⚠️,Yes ⚠️
https://ablefast.com/,50000,Yes ⚠️,Yes ⚠️
https://abw.by/,50000,No,Yes
https://account.emofid.com/Login,50000,Yes,Yes
https://ads.vk.com/,50000,Yes ⚠️,Yes ⚠️
https://advego.com/,50000,Yes ⚠️,Yes ⚠️
https://afr.808ball.com/,50000,Yes,Yes
https://afr.livesports088.com/,50000,Yes,Yes
https://aftershock.news/,50000,Yes ⚠️,Yes ⚠️
https://aif.ru/,50000,Yes ⚠️,Yes ⚠️
https://alice.yandex.ru/,50000,Yes,Yes
https://alicesw.com/,50000,Yes,Yes
https://allboxing.ru/,50000,Yes ⚠️,Yes ⚠️
https://allhockey.ru/,50000,Yes ⚠️,Yes ⚠️
https://almaty.tv/,50000,Yes,Yes
https://altapress.ru/,50000,Yes ⚠️,No
https://alternathistory.ru/,50000,Yes,Yes
https://amdm.ru/,50000,Yes ⚠️,No
https://amindi.org/,50000,Yes ⚠️,Yes ⚠️
https://an1.ca/,50000,Yes ⚠️,Yes ⚠️
https://androidapplications.store/,50000,Yes ⚠️,Yes ⚠️
https://androides.ru/,50000,Yes ⚠️,Yes ⚠️
https://androidloading.com/,50000,Yes ⚠️,Yes ⚠️
https://androidmo.im/,50000,Yes ⚠️,Yes ⚠️
https://androidmo.ru/,50000,Yes ⚠️,Yes ⚠️
https://androidprog.com/,50000,Yes ⚠️,Yes ⚠️
https://anekdotov.net/,50000,No,Yes ⚠️
https://anihideck.org/,50000,Yes ⚠️,Yes ⚠️
https://animegoo.ong/,50000,Yes ⚠️,Yes
https://aniq.uz/,50000,Yes ⚠️,Yes ⚠️
https://apiok.ru/ext/,50000,Yes ⚠️,Yes ⚠️
https://armfilm.co/,50000,Yes ⚠️,No
https://armfilm.co/en/,50000,No,Yes ⚠️
https://arxiv.uz/uz/,50000,Yes ⚠️,Yes ⚠️
https://asia.com.ge/,50000,Yes ⚠️,Yes ⚠️
https://audiokniga-one.com/,50000,Yes ⚠️,Yes ⚠️
https://audiokniga.one/,50000,Yes ⚠️,No
https://audioknigivse.ru/,50000,Yes ⚠️,Yes ⚠️
https://avtonovostidnya.ru/,50000,Yes ⚠️,Yes ⚠️
https://azan.kz/,50000,Yes ⚠️,Yes ⚠️
https://azh.kz/ru,50000,Yes,Yes
https://bale.ai/,50000,Yes ⚠️,Yes ⚠️
https://bank.yandex.ru/pay/,50000,Yes,Yes
https://bankinform.ru/,50000,Yes ⚠️,Yes ⚠️
https://bararan.am/,50000,Yes ⚠️,Yes ⚠️
https://base.garant.ru/,50000,Yes ⚠️,Yes ⚠️
https://belarushockey.com/,50000,Yes ⚠️,Yes ⚠️
https://benu.rs/,50000,Yes ⚠️,Yes ⚠️
https://berkat.ru/,50000,Yes ⚠️,Yes ⚠️
https://betzona.ru/,50000,Yes ⚠️,Yes ⚠️
https://bilim-all.kz/,50000,Yes ⚠️,Yes ⚠️
https://bit24.cash/,50000,Yes ⚠️,Yes ⚠️
https://bobruisk.ru/,50000,Yes ⚠️,Yes ⚠️
https://bobsoccer.ru/,50000,Yes ⚠️,Yes ⚠️
https://bokebviral.hair/,50000,Yes,Yes
https://bokepindo21.web.id/,50000,Yes,Yes
https://bokeptoket.situs.my/,50000,Yes,Yes
https://bonga-chats.ru/,50000,Yes ⚠️,Yes ⚠️
https://bookask.ru/,50000,Yes ⚠️,Yes ⚠️
https://books.yandex.ru/,50000,Yes,Yes
https://booksfer.net/,50000,Yes ⚠️,Yes ⚠️
https://booksread.ru/,50000,No,Yes ⚠️
https://br.puma.com/,50000,Yes ⚠️,Yes ⚠️
https://brestcity.com/blog/,50000,Yes ⚠️,Yes ⚠️
https://burdastyle.ru/,50000,Yes ⚠️,No
https://calorizator.ru/,50000,Yes ⚠️,Yes ⚠️
https://chatinfo.ru/,50000,Yes ⚠️,Yes ⚠️
https://chaturbat-sex.ru/,50000,Yes ⚠️,Yes ⚠️
https://checko.ru/,50000,Yes ⚠️,No
https://chelseablues.ru/,50000,No,Yes ⚠️
https://chess-samara.ru/,50000,Yes ⚠️,Yes ⚠️
https://chpoking.ru/,50000,No,Yes ⚠️
https://chukotkamedia.ru/,50000,Yes,Yes
https://cinebeta.com/,50000,Yes ⚠️,Yes ⚠️
https://clickbuy.com.vn/,50000,Yes ⚠️,Yes ⚠️
https://client.deekjdsg-9q87vb3p.org/,50000,Yes ⚠️,Yes ⚠️
https://co.totto.com/,50000,Yes ⚠️,Yes ⚠️
https://comics.8muses.com/comics,50000,Yes ⚠️,Yes ⚠️
https://comicsvalley.com/,50000,Yes ⚠️,Yes ⚠️
https://cont.ws/,50000,Yes ⚠️,Yes ⚠️
https://cq.ru/,50000,No,Yes
https://cyberleninka.ru/,50000,Yes ⚠️,Yes ⚠️
https://dbs.cl/,50000,Yes ⚠️,Yes ⚠️
https://dddkursk.ru/,50000,Yes ⚠️,No
https://digitalbusiness.kz/,50000,Yes ⚠️,Yes
https://dinorunner.com/,50000,Yes ⚠️,Yes ⚠️
https://direct.yandex.ru/ads/new_main?utm_campaign=test_main_new_mob,50000,Yes ⚠️,Yes ⚠️
https://directlot.ru/,50000,Yes ⚠️,Yes ⚠️
https://disk.yandex.com.tr/,50000,Yes,Yes
https://diziwatch.biz/,50000,Yes ⚠️,Yes ⚠️
https://dnr.red/,50000,Yes ⚠️,Yes ⚠️
https://dom2on.ru/,50000,Yes ⚠️,Yes ⚠️
https://dorama.world/,50000,Yes ⚠️,Yes ⚠️
https://dostavka.yandex.ru/,50000,Yes,Yes
https://dota2.ru/,50000,No,Yes
https://dtf.ru/,50000,Yes ⚠️,Yes ⚠️
https://eaomedia.ru/,50000,Yes,No
https://eda.yandex.ru/showcaptcha?cc=1&form-fb-hint=2.51&mt=505E2498CF48497549C233D02A1187AB5697CC832D9F0513151E8945C15CCD6F362265D1CB6C89083804EAAFDFA2B38352A1B1944DE4CD360C9B189CF808D64CC0225F22D99A94C6573756E2686A6E1DB9BD5D39B723D03719386FDF184636331ADABA1363756951AC44748C321682E1258F51F1E6321B37923D68484451F359165298674E17C9865205BF0DE6218643B144BAAEB0CE1196BF447CB4EB3111CA190034B3B4F2D2A7CAEA5038616CA1FD303B67FDBB5ACA819BE21C91BBB09EEA57EF638B2913F2E73366F5EA01E4E463CCFF20520F541D88B302E8C272&retpath=aHR0cHM6Ly9lZGEueWFuZGV4LnJ1Lz8%2C_25cd7752cfab55d6b70f1c7af9bb6127&t=2/1744337827/315d3e089afe208eb9c9cf1bcab8da83&u=6380065582893248718&s=2e2deb76f2f25acb855ba77ffc6eb16f,50000,Yes,No
https://eda.yandex.ru/showcaptcha?cc=1&form-fb-hint=2.51&mt=7D2F077D943219A1F9F1D18895493439C81B8D00E52732013773A846BA3455C80B3E4047A78E5FF41DC8BF7BEB6C84F2A28D62B53C25D45E9C5A3DF8A16F9B7A59517902405E02DD364CDF3697A8A3EA369B0E095C86D7E1570C03C8BC068F383D7CBD19496F1479D8D9D1E953F37CF4893D9977081B06F95662512C807FD32D75255A268CA235A64FF394B63D8C32706864CC97A29A6021BB2D9BC63CB6129B20EDB4809CF684BCEBFE74D320A56F973655E14B0584A1DB3200D2356EC7439F5CFDB1790B47EBCEB5A0961E0AECE1CB9ADF8877D5BBACACADE640EBA5&retpath=aHR0cHM6Ly9lZGEueWFuZGV4LnJ1Lz8%2C_25cd7752cfab55d6b70f1c7af9bb6127&t=2/1744340129/ba2f42859f0eec0cd58d9c45040032b8&u=6380220074210283867&s=7b6bbd7d86d2834b8512d667f4c903a7,50000,No,Yes
https://ekaterinburg.hh.ru/,50000,Yes ⚠️,Yes ⚠️
https://electrobook.ru/,50000,Yes ⚠️,Yes ⚠️
https://eroticlab.video/,50000,Yes,Yes
https://erovideochat.net/,50000,Yes ⚠️,Yes ⚠️
https://eschool.gov45.ru/authorize,50000,Yes,Yes ⚠️
https://evrimagaci.org/,50000,Yes ⚠️,Yes ⚠️
https://evropochta.by/,50000,Yes ⚠️,Yes ⚠️
https://f4club.ru/,50000,Yes ⚠️,Yes ⚠️
https://fanfics.me/,50000,Yes ⚠️,Yes ⚠️
https://fapfolder.club/,50000,Yes ⚠️,Yes ⚠️
https://fb2.top/,50000,Yes ⚠️,Yes
https://federal.tv/,50000,Yes ⚠️,Yes ⚠️
https://fertonabet.com/main,50000,Yes ⚠️,Yes ⚠️
https://fighttime.ru/,50000,Yes ⚠️,Yes ⚠️
https://filmeporno.blog/,50000,Yes ⚠️,Yes ⚠️
https://finance.rambler.ru/,50000,Yes ⚠️,Yes ⚠️
https://finratings.kz/,50000,Yes ⚠️,Yes ⚠️
https://fivepost.ru/,50000,Yes ⚠️,Yes ⚠️
https://flibusta.su/,50000,Yes ⚠️,Yes ⚠️
https://football.by/,50000,Yes ⚠️,Yes ⚠️
https://football24.ru/,50000,Yes ⚠️,Yes ⚠️
https://forum.amazing-online.com/,50000,Yes ⚠️,Yes ⚠️
https://forum.awd.ru/,50000,Yes ⚠️,Yes ⚠️
https://forum.sibmama.ru/,50000,Yes ⚠️,Yes ⚠️
https://forum.vgd.ru/,50000,Yes ⚠️,Yes ⚠️
https://fotobus.msk.ru/,50000,Yes ⚠️,Yes ⚠️
https://freekino.net/home,50000,Yes ⚠️,Yes ⚠️
https://gameschart.top/,50000,Yes ⚠️,Yes ⚠️
https://gamesisart.ru/,50000,Yes ⚠️,Yes ⚠️
https://gay.bingo/,50000,Yes ⚠️,Yes ⚠️
https://gbapps.net/plus/,50000,Yes ⚠️,Yes ⚠️
https://gdepapa.ru/,50000,Yes ⚠️,Yes ⚠️
https://gdz.top/,50000,Yes ⚠️,Yes ⚠️
https://genclik.iskur.gov.tr/,50000,Yes ⚠️,Yes ⚠️
https://getmobil.com/,50000,Yes,Yes
https://go.11klasov.net/,50000,No,Yes ⚠️
https://go.yandex/,50000,No,Yes ⚠️
https://go.yandex/sr_rs/,50000,Yes ⚠️,No
https://gogov.ru/,50000,No,Yes
https://gooshishop.com/,50000,Yes,Yes
https://goroskop365.ru/,50000,Yes ⚠️,Yes ⚠️
https://gov.nodlemagazin.me/,50000,Yes,Yes
https://gramota.ru/,50000,Yes,Yes
https://gubdaily.ru/,50000,Yes ⚠️,Yes ⚠️
https://gunsbroker.ru/,50000,No,Yes ⚠️
https://hayertv.com/,50000,Yes ⚠️,Yes ⚠️
https://hd.kinopoisk.ru/,50000,Yes,Yes
https://hd.xmovix.net/,50000,Yes ⚠️,Yes ⚠️
https://hdbokep.me/,50000,Yes,Yes
https://hdsex.org/,50000,Yes ⚠️,Yes ⚠️
https://hentaimode.com/,50000,Yes ⚠️,Yes ⚠️
https://hepsijet.com/,50000,Yes,Yes
https://horoscopes.rambler.ru/,50000,Yes ⚠️,Yes ⚠️
https://hqpornero.com/,50000,Yes ⚠️,Yes ⚠️
https://in.hdsex.org/,50000,Yes ⚠️,Yes ⚠️
https://inbusiness.kz/ru,50000,Yes ⚠️,Yes ⚠️
https://indonesiabokep.web.id/,50000,Yes ⚠️,Yes ⚠️
https://informburo.kz/,50000,No,Yes ⚠️
https://inosmi.ru/,50000,Yes ⚠️,No
https://insta-save.net/,50000,Yes ⚠️,Yes ⚠️
https://irkutskmedia.ru/,50000,Yes ⚠️,No
https://islam.global/,50000,No,Yes ⚠️
https://iz.ru/,50000,Yes ⚠️,Yes ⚠️
https://izhlife.ru/,50000,Yes,Yes ⚠️
https://jaomix.ru/,50000,Yes ⚠️,Yes ⚠️
https://joker216.net/main,50000,Yes ⚠️,Yes ⚠️
https://jut-su.im/,50000,Yes ⚠️,Yes ⚠️
https://jyldyz.kg/,50000,Yes ⚠️,Yes ⚠️
https://kadikama.com/,50000,Yes ⚠️,Yes ⚠️
https://kanobu.ru/,50000,No,Yes
https://kazan.hh.ru/,50000,Yes ⚠️,Yes ⚠️
https://kg-portal.ru/,50000,Yes ⚠️,Yes ⚠️
https://kia.uz/,50000,Yes ⚠️,Yes ⚠️
https://knigi-audio.ru/,50000,Yes ⚠️,No
https://knigkindom.ru/,50000,Yes ⚠️,Yes ⚠️
https://knigochei.org/,50000,Yes ⚠️,Yes ⚠️
https://knigochet.com/,50000,Yes ⚠️,Yes ⚠️
https://knijky.ru/,50000,Yes ⚠️,Yes ⚠️
https://knizhin.ru/,50000,Yes ⚠️,Yes ⚠️
https://kogda.by/,50000,Yes ⚠️,Yes ⚠️
https://kontraspor.com/,50000,Yes ⚠️,Yes ⚠️
https://korzik.net/,50000,Yes ⚠️,Yes ⚠️
https://kosmetista.ru/,50000,Yes ⚠️,No
https://kovcheg2.apeha.ru/,50000,Yes ⚠️,Yes ⚠️
https://krasnodar.hh.ru/,50000,Yes ⚠️,Yes ⚠️
https://kredito24.in/,50000,Yes,Yes
https://kudikina.ru/,50000,Yes ⚠️,Yes ⚠️
https://lacorn365.ru/,50000,Yes ⚠️,Yes ⚠️
https://lady-bug.online/,50000,Yes ⚠️,Yes ⚠️
https://laguna.rs/,50000,Yes ⚠️,Yes ⚠️
https://liferbc.ru/,50000,No,Yes ⚠️
https://linkbacol.cam/,50000,Yes,Yes
https://linkify.ru/,50000,Yes ⚠️,Yes ⚠️
https://litlife.club/,50000,Yes ⚠️,Yes ⚠️
https://live5.goaloo23.com/,50000,Yes,Yes
https://lordserials.fan/,50000,Yes ⚠️,Yes ⚠️
https://lostarmour.info/,50000,Yes ⚠️,Yes ⚠️
https://lovetorrent.net/,50000,Yes ⚠️,Yes ⚠️
https://m.avtovokzaly.ru/,50000,Yes ⚠️,Yes ⚠️
https://m.bdsmpeople.live/,50000,Yes ⚠️,Yes ⚠️
https://m.biblus.in/,50000,Yes ⚠️,Yes ⚠️
https://m.bloknot-volgograd.ru/,50000,No,Yes ⚠️
https://m.cdsvyatka.com/,50000,Yes ⚠️,Yes ⚠️
https://m.love.ngs.ru/,50000,Yes ⚠️,No
https://m.mamul.am/,50000,Yes ⚠️,Yes ⚠️
https://m.meteonova.ru/frc/72403.htm,50000,No,Yes ⚠️
https://m.moyareklama.by/%D0%93%D0%BE%D0%BC%D0%B5%D0%BB%D1%8C/,50000,Yes ⚠️,Yes ⚠️
https://m.povar.ru/,50000,Yes ⚠️,Yes ⚠️
https://m.rp5.kz/,50000,Yes ⚠️,Yes ⚠️
https://m.soccer.ru/,50000,Yes ⚠️,Yes ⚠️
https://m.sport-express.ru/,50000,Yes ⚠️,Yes ⚠️
https://m.sport-express.ru/?utm_referrer=https%3A%2F%2Fwww.sport-express.ru%2F,50000,Yes ⚠️,Yes ⚠️
https://m.stadion.uz/,50000,Yes ⚠️,Yes ⚠️
https://m.tabletka.by/,50000,Yes ⚠️,Yes ⚠️
https://m.unegui.mn/,50000,Yes ⚠️,Yes ⚠️
https://m.vten.ru/,50000,Yes ⚠️,Yes ⚠️
https://m.vz.ru/,50000,Yes ⚠️,Yes
https://m.xturka313.com/tr,50000,No,Yes ⚠️
https://makesomenoise.co.za/,50000,Yes,Yes
https://mangahub.cc/,50000,No,Yes ⚠️
https://mangapoisk.live/,50000,Yes,No
https://marionetka.com/skachat-film/,50000,Yes ⚠️,Yes ⚠️
https://marketfiyati.org.tr/,50000,Yes ⚠️,Yes ⚠️
https://math100.ru/,50000,Yes ⚠️,Yes ⚠️
https://mediametrics.ru/rating/de/week.html,50000,Yes,No
https://mediametrics.ru/rating/us/week.html,50000,No,Yes ⚠️
https://melodiimp3.ru/,50000,Yes ⚠️,Yes ⚠️
https://metaratings.ru/,50000,Yes ⚠️,Yes ⚠️
https://metrika.yandex.ru/promo/product,50000,Yes ⚠️,Yes ⚠️
https://mferma.ru/ru/,50000,Yes ⚠️,Yes ⚠️
https://microklad.ru/,50000,Yes ⚠️,Yes ⚠️
https://mir-knigi.info/,50000,Yes ⚠️,Yes ⚠️
https://mis.mznn.ru/,50000,Yes ⚠️,Yes ⚠️
https://mlyn.by/,50000,No,Yes
https://mmmmmmmmm.pornobar.mobi/,50000,Yes,Yes
https://moba.kinovasek.men/,50000,Yes ⚠️,Yes ⚠️
https://mobile.marathonbet.ru/su/sport/live/popular,50000,Yes ⚠️,Yes ⚠️
https://mobzvonok.ru/,50000,Yes ⚠️,Yes ⚠️
https://modsgaming.ru/,50000,Yes ⚠️,Yes ⚠️
https://moe-online.ru/,50000,Yes ⚠️,Yes ⚠️
https://moreknig.org/,50000,Yes ⚠️,Yes ⚠️
https://mosff.ru/,50000,No,Yes ⚠️
https://moskidka.ru/,50000,Yes ⚠️,Yes ⚠️
https://mp3bob.ru/,50000,Yes ⚠️,Yes ⚠️
https://msk1.ru/,50000,Yes ⚠️,Yes ⚠️
https://mu-kgt.ru/,50000,Yes,Yes
https://music.mts.ru/,50000,Yes ⚠️,Yes ⚠️
https://muz-tv.ru/,50000,Yes ⚠️,Yes ⚠️
https://muzzona.kz/,50000,Yes ⚠️,Yes ⚠️
https://mvmchery.com/,50000,Yes,Yes
https://mx.puma.com/,50000,Yes,Yes
https://my.bookbear.net/,50000,Yes ⚠️,Yes ⚠️
https://myfarm.mobi/ru/,50000,Yes ⚠️,Yes ⚠️
https://nabzebourse.com/,50000,Yes ⚠️,Yes ⚠️
https://nakhodka.media/,50000,Yes ⚠️,Yes ⚠️
https://nashkraj.by/,50000,Yes ⚠️,Yes ⚠️
https://naukatv.ru/,50000,Yes ⚠️,Yes ⚠️
https://nazvonki.net/,50000,Yes ⚠️,Yes ⚠️
https://nb-bet.com/,50000,Yes ⚠️,Yes ⚠️
https://ncrim.ru/,50000,Yes ⚠️,Yes ⚠️
https://newgrodno.by/,50000,Yes ⚠️,Yes ⚠️
https://news-komi.ru/,50000,Yes,No
https://news.milli.az/,50000,Yes ⚠️,Yes ⚠️
https://news102.ru/,50000,Yes ⚠️,Yes ⚠️
https://ngs.ru/,50000,Yes ⚠️,Yes ⚠️
https://ngs24.ru/,50000,Yes ⚠️,Yes ⚠️
https://ngs55.ru/,50000,Yes,Yes ⚠️
https://nova24.uz/,50000,Yes ⚠️,Yes ⚠️
https://novosibirsk.hh.ru/,50000,Yes ⚠️,Yes ⚠️
https://nukadeti.ru/,50000,Yes ⚠️,Yes
https://numovs.com/,50000,Yes ⚠️,Yes ⚠️
https://officelife.media/,50000,Yes ⚠️,Yes ⚠️
https://offside.kz/,50000,Yes ⚠️,Yes ⚠️
https://ofont.ru/,50000,Yes ⚠️,Yes ⚠️
https://olympteka.ru/,50000,Yes ⚠️,Yes ⚠️
https://omskinform.ru/,50000,Yes ⚠️,No
https://online.smartlombard.ru/login/,50000,Yes ⚠️,Yes ⚠️
https://onlinebrest.by/,50000,Yes ⚠️,Yes ⚠️
https://oosex.vip/,50000,Yes ⚠️,Yes ⚠️
https://orda.kz/,50000,Yes ⚠️,No
https://ororo.tv/en,50000,Yes ⚠️,Yes ⚠️
https://otvetkin.info/,50000,Yes ⚠️,Yes ⚠️
https://partner.market.yandex.ru/,50000,Yes ⚠️,Yes ⚠️
https://passgame.ru/,50000,Yes ⚠️,Yes ⚠️
https://passport.yandex.com/auth?retpath=https%3A%2F%2Fid.yandex.com%2F&noreturn=1,50000,Yes,Yes
https://passport.yandex.ru/auth/plain?retpath=https%3A%2F%2Foauth.yandex.ru%2F&noreturn=1&origin=oauth,50000,Yes,Yes
https://passport.yandex.ru/auth?from=cloud&origin=docs_web&retpath=https%3A%2F%2Fdocs.yandex.ru%2F&backpath=https%3A%2F%2Fdocs.yandex.ru,50000,Yes,Yes
https://passport.yandex.ru/auth?mode=auth&retpath=https%3A%2F%2Fforms.yandex.ru%2Fadmin%2F,50000,Yes,Yes
https://passport.yandex.ru/auth?retpath=https%3A%2F%2Fid.yandex.ru%2F&noreturn=1,50000,Yes,Yes
https://payeer.com/en/,50000,Yes ⚠️,No
https://pg12.ru/,50000,Yes ⚠️,Yes ⚠️
https://pg13.ru/,50000,Yes ⚠️,Yes ⚠️
https://pikuco.ru/,50000,Yes ⚠️,Yes ⚠️
https://pinskap.by/,50000,Yes ⚠️,Yes ⚠️
https://piratfarm.mobi/,50000,Yes ⚠️,Yes ⚠️
https://play31.tigoals208.com/,50000,Yes,Yes
https://pnz.ru/,50000,No,Yes ⚠️
https://poizdato.net/,50000,Yes ⚠️,Yes ⚠️
https://portal38.is-mis.ru/,50000,Yes ⚠️,Yes ⚠️
https://practicum.yandex.ru/,50000,Yes,Yes
https://pressball.by/,50000,Yes ⚠️,Yes ⚠️
https://pro.yandex.ru/ru-ru/moskva,50000,Yes,Yes
https://progorod33.ru/,50000,Yes,Yes
https://progorodnn.ru/,50000,Yes ⚠️,Yes ⚠️
https://progorodnsk.ru/,50000,Yes ⚠️,Yes ⚠️
https://protinok.top/,50000,Yes,Yes
https://prufy.ru/,50000,Yes ⚠️,Yes ⚠️
https://qazaqstan.tv/,50000,No,Yes ⚠️
https://qui-quo.ru/,50000,Yes ⚠️,Yes ⚠️
https://railgallery.ru/,50000,Yes ⚠️,Yes ⚠️
https://randomus.ru/,50000,Yes ⚠️,Yes ⚠️
https://randstuff.ru/,50000,No,Yes ⚠️
https://rasmio.com/,50000,Yes,Yes
https://razlozhi.ru/,50000,Yes ⚠️,Yes ⚠️
https://rb.rbook.club/,50000,Yes ⚠️,Yes ⚠️
https://reactor.cc/,50000,Yes ⚠️,Yes ⚠️
https://realty.yandex.ru/,50000,Yes,Yes
https://remzona.by/,50000,Yes ⚠️,Yes ⚠️
https://resh.skysmart.ru/,50000,Yes ⚠️,Yes ⚠️
https://reshalka.com/,50000,Yes,Yes
https://reshutka.ru/,50000,Yes ⚠️,Yes ⚠️
https://rewayat.club/,50000,Yes ⚠️,Yes ⚠️
https://rifme.net/,50000,Yes ⚠️,Yes ⚠️
https://rocknation.su/,50000,Yes ⚠️,Yes ⚠️
https://rskrf.ru/,50000,Yes ⚠️,Yes ⚠️
https://rt.pornogo.tube/,50000,Yes,Yes
https://ru.savefrom.net/241qK/,50000,Yes ⚠️,No
https://ru.sexkomix2.com/,50000,Yes ⚠️,Yes ⚠️
https://runasport.com/,50000,Yes,Yes
https://russian.rt.com/,50000,No,Yes ⚠️
https://rwlib.net/,50000,Yes ⚠️,No
https://sabaq.online/,50000,Yes ⚠️,Yes ⚠️
https://sakhalife.ru/,50000,Yes ⚠️,Yes ⚠️
https://salamdonya.com/,50000,Yes ⚠️,Yes ⚠️
https://schlock.ru/,50000,Yes ⚠️,Yes ⚠️
https://select.by/,50000,Yes ⚠️,Yes ⚠️
https://selo.mobi/,50000,Yes ⚠️,Yes ⚠️
https://sevastopol.su/,50000,Yes ⚠️,Yes ⚠️
https://sevastopolmedia.ru/,50000,Yes ⚠️,Yes ⚠️
https://sexsosedka.click/,50000,Yes,Yes
https://simonetti.com.br/,50000,Yes ⚠️,Yes ⚠️
https://sims-market.ru/,50000,Yes ⚠️,Yes
https://sims4pack.ru/,50000,Yes ⚠️,Yes ⚠️
https://skanbook.ru/,50000,Yes ⚠️,Yes ⚠️
https://slushkinvsem.ru/,50000,Yes ⚠️,Yes ⚠️
https://smotrim.ru/,50000,Yes ⚠️,No
https://smtt6.com/,50000,Yes ⚠️,Yes ⚠️
https://soccer365.com.ua/,50000,Yes ⚠️,Yes ⚠️
https://sochimedia.su/,50000,Yes,Yes
https://sor-soch.com/,50000,Yes ⚠️,Yes ⚠️
https://speedme.ru/,50000,No,Yes ⚠️
https://sportarena.kz/,50000,Yes ⚠️,Yes ⚠️
https://srbin.info/,50000,Yes ⚠️,Yes ⚠️
https://stadion.uz/,50000,Yes ⚠️,Yes ⚠️
https://stepchess.ru/,50000,Yes ⚠️,Yes ⚠️
https://stepenin.ru/,50000,Yes ⚠️,Yes ⚠️
https://stratege.ru/#args:ajax=1,50000,Yes ⚠️,Yes ⚠️
https://symbl.cc/,50000,Yes ⚠️,No
https://t24.com.tr/,50000,Yes ⚠️,Yes ⚠️
https://talimxabarlari.uz/,50000,Yes ⚠️,Yes ⚠️
https://taplink.cc/,50000,Yes,Yes
https://tasks.yandex.ru/user,50000,Yes ⚠️,Yes ⚠️
https://tass.com/,50000,Yes ⚠️,Yes
https://taxi.yandex.ru/,50000,Yes,Yes
https://tehnofarm.mobi/,50000,Yes ⚠️,Yes ⚠️
https://tengrisport.kz/,50000,Yes ⚠️,Yes ⚠️
https://testometrika.com/,50000,Yes ⚠️,Yes ⚠️
https://textgenerator.ru/,50000,Yes ⚠️,Yes ⚠️
https://tgramsearch.com/,50000,No,Yes ⚠️
https://thegirl.ru/,50000,Yes,No
https://ticket.flypobeda.ru/websky/#/search,50000,Yes,Yes
https://tonviewer.com/,50000,Yes ⚠️,Yes ⚠️
https://top-zvonok.ru/,50000,Yes ⚠️,Yes ⚠️
https://topliba.com/,50000,Yes ⚠️,No
https://tourvisor.ru/,50000,Yes ⚠️,Yes ⚠️
https://track24.ru/,50000,No,Yes
https://tracker.yandex.ru/,50000,Yes ⚠️,Yes ⚠️
https://translate.yandex.com/?source_lang=en&target_lang=ru,50000,Yes,Yes
https://transphoto.org/,50000,Yes ⚠️,Yes ⚠️
https://transsion.g-weathernews.com/weather/index.html?loc=WNI524894,50000,Yes ⚠️,Yes ⚠️
https://travel.yandex.ru/,50000,Yes,Yes
https://trychatgpt.ru/,50000,Yes ⚠️,Yes ⚠️
https://tv.sb.by/,50000,Yes ⚠️,Yes ⚠️
https://tv.vporno.video/,50000,Yes ⚠️,Yes ⚠️
https://tverigrad.ru/,50000,Yes ⚠️,Yes ⚠️
https://u-mama.ru/,50000,Yes ⚠️,Yes
https://ufa1.ru/,50000,Yes ⚠️,Yes ⚠️
https://uknig.com/,50000,Yes ⚠️,Yes ⚠️
https://ulanmedia.ru/,50000,Yes ⚠️,Yes
https://upl.uz/,50000,Yes ⚠️,Yes ⚠️
https://uzbeklar.org/,50000,Yes,Yes
https://uzhits.net/,50000,Yes ⚠️,Yes ⚠️
https://uzmovi.info/,50000,Yes ⚠️,Yes ⚠️
https://v-kosmose.com/,50000,Yes ⚠️,Yes ⚠️
https://v1.220vk.ru/,50000,Yes ⚠️,Yes ⚠️
https://v1.nighthub.me/,50000,Yes ⚠️,Yes ⚠️
https://v6.astar.bz/,50000,Yes ⚠️,Yes ⚠️
https://vavada-kota.com/,50000,Yes ⚠️,Yes ⚠️
https://vesti.kg/,50000,Yes ⚠️,Yes ⚠️
https://videomon.biz/,50000,Yes ⚠️,Yes ⚠️
https://videosection.com/,50000,Yes ⚠️,Yes ⚠️
https://vmmo.vten.ru/,50000,Yes ⚠️,Yes ⚠️
https://voendress.com/,50000,Yes ⚠️,Yes ⚠️
https://voennoedelo.com/,50000,Yes ⚠️,Yes ⚠️
https://vse-knigi.org/,50000,Yes ⚠️,Yes ⚠️
https://wahapedia.ru/,50000,Yes ⚠️,Yes ⚠️
https://wallex.ir/,50000,Yes ⚠️,Yes ⚠️
https://waytohey.com/,50000,Yes ⚠️,Yes ⚠️
https://webmaster.yandex.ru/welcome/,50000,Yes ⚠️,Yes ⚠️
https://wooordhunt.com/,50000,Yes ⚠️,Yes ⚠️
https://wooordhunt.ru/,50000,Yes ⚠️,Yes
https://world-weather.ru/,50000,Yes ⚠️,Yes ⚠️
https://www.5play.app/,50000,Yes,Yes
https://www.808sbo.com/,50000,Yes,Yes
https://www.808sbovip3.com/,50000,Yes,Yes
https://www.abiyefon.com/,50000,Yes ⚠️,Yes ⚠️
https://www.alpha-ag.ru/,50000,Yes ⚠️,Yes
https://www.amic.ru/,50000,No,Yes ⚠️
https://www.anekdot.ru/,50000,Yes ⚠️,Yes ⚠️
https://www.anilibria.tv/,50000,Yes,Yes
https://www.arezzo.com.br/,50000,Yes,Yes
https://www.assettoworld.com/,50000,Yes,No
https://www.astrocentr.ru/,50000,Yes ⚠️,Yes
https://www.astromeridian.ru/,50000,Yes ⚠️,Yes
https://www.atorus.ru/,50000,Yes ⚠️,Yes ⚠️
https://www.audit-it.ru/,50000,Yes ⚠️,Yes ⚠️
https://www.auteco.com.co/,50000,Yes,Yes
https://www.babyblog.ru/,50000,Yes ⚠️,Yes ⚠️
https://www.birgun.net/,50000,Yes ⚠️,Yes ⚠️
https://www.bolshoyvopros.ru/,50000,Yes ⚠️,No
https://www.chita.ru/,50000,Yes ⚠️,Yes ⚠️
https://www.civilim.com/,50000,Yes ⚠️,Yes ⚠️
https://www.davno.ru/,50000,Yes,Yes
https://www.dgl.ru/,50000,No,Yes ⚠️
https://www.drmax.rs/,50000,Yes ⚠️,Yes ⚠️
https://www.edetsa.com/info/pwa,50000,Yes ⚠️,Yes ⚠️
https://www.euro-football.ru/,50000,No,Yes
https://www.f1news.ru/,50000,Yes ⚠️,Yes ⚠️
https://www.filmespornos.net/,50000,Yes ⚠️,Yes ⚠️
https://www.fl.ru/,50000,Yes ⚠️,Yes ⚠️
https://www.flocktory.com/showcaptcha?cc=1&fb-hint=2.150&mt=FAB145F80EE5EA310D8E19A839C337E430AEBF6D8744381A69C710CA9D247713DB36862CE65CF228276B25A29563E316BC65AB62807397A0A3847DFBB7A99BE1EB5BC1FA0F8A7098AF770165698AA58976807E130967423B54349BB1AB8052CC9772D0995DA23F6E6CF9BAF182E277642DBE9F57F7B1C46B9B6962AD282B9B9BA8A6B219E8B0C8958C0393CBE042D8AD97028CFCC8EE0884A7E22761200D8BF9561D009668BA83F53CD73F773CB430E5E86DD4854DD1C6B6E687958A5074AD6EA8912B6D91FFA140C2CC8E4CF6B269FA4A49A4C125B11FD6793620CA7096&retpath=aHR0cHM6Ly93d3cuZmxvY2t0b3J5LmNvbS8__ca4bbc6928383d50ac7197d24cdd2e6a&t=7/1744373116/479d7396c0fd57f2f6f8c1844ca6349a&u=6382433812158744449&s=043fc71763b213d9c0e27e00d35e23a4,50000,No,Yes
https://www.forumhouse.ru/forums,50000,Yes ⚠️,Yes
https://www.freepornmovies.net/,50000,Yes ⚠️,Yes ⚠️
https://www.freudx.xyz/,50000,Yes ⚠️,Yes ⚠️
https://www.futfanatics.com.br/,50000,Yes,Yes
https://www.gameblog.fr/recherche?search_text=,50000,Yes ⚠️,Yes
https://www.garant.ru/,50000,Yes ⚠️,Yes ⚠️
https://www.gastronom.ru/,50000,Yes,Yes ⚠️
https://www.gazeteduvar.com.tr/,50000,Yes,Yes
https://www.gazeteoku.com/,50000,Yes,Yes
https://www.gs.by/,50000,Yes ⚠️,Yes
https://www.hmn.ru/,50000,No,Yes ⚠️
https://www.igromania.ru/,50000,No,Yes
https://www.ikea.com.tr/,50000,Yes ⚠️,Yes ⚠️
https://www.ilustrado.cl/,50000,Yes ⚠️,Yes
https://www.izle7.com/,50000,Yes ⚠️,Yes ⚠️
https://www.jadvalyab.ir/,50000,Yes ⚠️,Yes ⚠️
https://www.kanal7.com/,50000,Yes ⚠️,Yes ⚠️
https://www.karditsalive.net/,50000,Yes ⚠️,Yes ⚠️
https://www.karusel-tv.ru/,50000,Yes ⚠️,Yes ⚠️
https://www.knittingideas.ru/,50000,No,Yes ⚠️
https://www.kommersant.ru/,50000,Yes ⚠️,Yes ⚠️
https://www.konyalisaat.com.tr/,50000,Yes ⚠️,Yes ⚠️
https://www.laarena.com.ar/,50000,Yes ⚠️,Yes ⚠️
https://www.lada.kz/,50000,Yes,No
https://www.likeme.com.co/,50000,No,Yes ⚠️
https://www.list-org.com/,50000,No,Yes
https://www.litlib.net/,50000,Yes ⚠️,Yes
https://www.livejournal.com/,50000,Yes ⚠️,Yes ⚠️
https://www.livekuban.ru/,50000,Yes,Yes
https://www.m24.ru/,50000,No,Yes ⚠️
https://www.manato.az/,50000,Yes ⚠️,Yes ⚠️
https://www.manhwaden.com/,50000,Yes,Yes
https://www.md.kp.media/,50000,Yes ⚠️,Yes ⚠️
https://www.min2win.ru/,50000,Yes ⚠️,Yes ⚠️
https://www.misli.com/,50000,Yes,Yes
https://www.mp3indirdur.pro/,50000,Yes ⚠️,Yes ⚠️
https://www.newsler.ru/,50000,Yes ⚠️,Yes ⚠️
https://www.nonograms.org/,50000,Yes ⚠️,Yes ⚠️
https://www.nonograms.ru/,50000,Yes ⚠️,Yes ⚠️
https://www.oka.fm/,50000,Yes ⚠️,Yes ⚠️
https://www.oriflame.ru/,50000,Yes ⚠️,Yes ⚠️
https://www.osnmedia.ru/,50000,No,Yes ⚠️
https://www.pandashop.md/,50000,Yes ⚠️,Yes ⚠️
https://www.penti.com/tr/,50000,Yes,Yes
https://www.povarenok.ru/,50000,Yes ⚠️,Yes ⚠️
https://www.predskazanie.ru/,50000,Yes ⚠️,Yes ⚠️
https://www.radiorecord.ru/,50000,Yes ⚠️,No
https://www.rbtv77.com/,50000,Yes,Yes
https://www.rosbalt.ru/,50000,Yes ⚠️,Yes ⚠️
https://www.rusfishing.ru/forum/,50000,Yes ⚠️,Yes ⚠️
https://www.rusfootball.info/,50000,Yes ⚠️,Yes ⚠️
https://www.russiandoska.com/,50000,Yes ⚠️,Yes ⚠️
https://www.sber-bank.by/,50000,Yes ⚠️,Yes ⚠️
https://www.score808.tv/,50000,Yes,Yes
https://www.score808pro.com/,50000,Yes,Yes
https://www.sexarab.fun/,50000,Yes ⚠️,Yes ⚠️
https://www.slamdunk.ru/,50000,Yes ⚠️,Yes ⚠️
https://www.slazenger.com.tr/,50000,Yes ⚠️,Yes ⚠️
https://www.soloby.ru/,50000,Yes ⚠️,Yes ⚠️
https://www.sport-weekend.com/,50000,Yes ⚠️,Yes ⚠️
https://www.sport.ru/,50000,Yes ⚠️,Yes ⚠️
https://www.sportinfo.az/,50000,Yes ⚠️,Yes ⚠️
https://www.super.kg/,50000,Yes ⚠️,Yes ⚠️
https://www.syzran-small.ru/,50000,Yes ⚠️,Yes ⚠️
https://www.theissue.gr/,50000,Yes ⚠️,Yes ⚠️
https://www.thesymbol.ru/,50000,Yes ⚠️,Yes
https://www.topnews.ru/,50000,Yes ⚠️,Yes ⚠️
https://www.toyzzshop.com/,50000,Yes,Yes
https://www.translate.ru/%D0%BF%D0%B5%D1%80%D0%B5%D0%B2%D0%BE%D0%B4,50000,Yes ⚠️,No
https://www.tudors.com/,50000,Yes ⚠️,Yes ⚠️
https://www.tv100.com/,50000,Yes ⚠️,Yes ⚠️
https://www.tvoyaapteka.ru/,50000,Yes ⚠️,Yes ⚠️
https://www.uralweb.ru/news/,50000,Yes ⚠️,Yes ⚠️
https://www.vatangame.com/,50000,Yes,Yes
https://www.vestel.com.tr/,50000,Yes ⚠️,Yes ⚠️
https://www.vesti.ru/,50000,Yes ⚠️,Yes ⚠️
https://www.videezy.com/,50000,Yes ⚠️,Yes ⚠️
https://www.vokrugsveta.ru/,50000,Yes ⚠️,No
https://www.vzsar.ru/,50000,Yes ⚠️,Yes ⚠️
https://www.xtits.com/,50000,Yes ⚠️,Yes ⚠️
https://www.xtits.xxx/,50000,Yes ⚠️,Yes ⚠️
https://www.zire20.ir/,50000,Yes ⚠️,Yes ⚠️
https://www4.justnaija.com/,50000,Yes,Yes
https://xarid.uzex.uz/home,50000,Yes ⚠️,Yes ⚠️
https://xhand.com/,50000,Yes ⚠️,Yes ⚠️
https://xhand.net/,50000,Yes ⚠️,Yes ⚠️
https://xn----btbeegalms2a3a1h.xn--p1ai/,50000,Yes ⚠️,Yes ⚠️
https://xn--80aapampemcchfmo7a3c9ehj.xn--p1ai/,50000,Yes ⚠️,Yes ⚠️
https://xn--80aeiluelyj.xn--p1ai/,50000,No,Yes ⚠️
https://xn--80anjd4dyb.xn--p1ai/,50000,Yes ⚠️,Yes ⚠️
https://xxsliv.com/,50000,Yes ⚠️,Yes ⚠️
https://yougame.biz/,50000,No,Yes ⚠️
https://yummy-anime.ru/,50000,Yes ⚠️,Yes ⚠️
https://zeelproject.com/,50000,Yes ⚠️,Yes ⚠️
https://znakomstva.ru/,50000,Yes ⚠️,Yes
https://zrelki.fans/,50000,Yes,Yes
https://zzzzzzzz.nodlemagazin.me/,50000,Yes,Yes
http://breaking-bad-online.ru/,100000,Yes ⚠️,Yes
http://dop.reshmat.ru/,100000,Yes ⚠️,Yes ⚠️
http://forum.watch.ru/,100000,Yes ⚠️,Yes ⚠️
http://griffiny.ru/,100000,Yes ⚠️,Yes ⚠️
http://homeporno.mobi/,100000,Yes,Yes
http://rasfokus.ru/,100000,No,Yes ⚠️
http://www.uzmovie.me/,100000,No,Yes ⚠️
https://009.xn--p1ai/,100000,Yes ⚠️,Yes ⚠️
https://123.amdm.ru/,100000,Yes ⚠️,Yes
https://18mh.net/,100000,Yes ⚠️,Yes ⚠️
https://19216811.vn/,100000,Yes ⚠️,Yes ⚠️
https://19rusinfo.ru/,100000,Yes ⚠️,Yes ⚠️
https://1playhouse.ru/,100000,Yes ⚠️,Yes ⚠️
https://1vs1.site/,100000,Yes ⚠️,Yes ⚠️
https://1xbetkz.kz/en/block,100000,Yes ⚠️,Yes ⚠️
https://2.findani.me/,100000,Yes ⚠️,Yes ⚠️
https://220vk.com/,100000,Yes ⚠️,Yes ⚠️
https://24smi.press/top?click_id=c023c8fb-5829-4ad5-ab68-c5deebf76859&domain=ex12.24smi.press,100000,Yes,No
https://29.ru/,100000,Yes ⚠️,Yes ⚠️
https://360.yandex.by/mail/,100000,Yes,Yes
https://360.yandex.ru/calendar/,100000,Yes,Yes
https://454.amdm.ru/,100000,Yes ⚠️,Yes
https://536.amdm.ru/,100000,Yes ⚠️,No
https://5baga.com/,100000,Yes ⚠️,Yes ⚠️
https://777juegos.com/main,100000,Yes ⚠️,Yes ⚠️
https://7kingdoms.ru/,100000,Yes ⚠️,Yes ⚠️
https://93.ru/,100000,Yes ⚠️,Yes ⚠️
https://abkhaz-auto.ru/,100000,No,Yes ⚠️
https://about.action360.ru/,100000,Yes ⚠️,Yes ⚠️
https://abt.uz/,100000,Yes ⚠️,Yes ⚠️
https://adgame.mobi/,100000,Yes ⚠️,Yes ⚠️
https://adrive.by/,100000,Yes ⚠️,Yes ⚠️
https://afr.808fubo.com/,100000,Yes,Yes
https://afr.score808.tv/,100000,Yes,Yes
https://africax1.com/main,100000,Yes ⚠️,Yes ⚠️
https://agugai.kz/,100000,Yes ⚠️,Yes ⚠️
https://aisoip.adilet.gov.kz/,100000,Yes ⚠️,Yes ⚠️
https://altel.kz/new,100000,Yes ⚠️,Yes ⚠️
https://altsemena.org/,100000,Yes ⚠️,Yes ⚠️
https://am.sputniknews.ru/#,100000,Yes,Yes
https://amidahaber.com/,100000,Yes,Yes
https://anagram.poncy.ru/,100000,Yes ⚠️,Yes
https://android-fest.ru/,100000,Yes ⚠️,Yes ⚠️
https://androidrey.com/,100000,Yes ⚠️,Yes ⚠️
https://androidrus.ru/,100000,Yes ⚠️,Yes ⚠️
https://angarskmedia.ru/,100000,No,Yes ⚠️
https://angl-gdz.ru/,100000,Yes ⚠️,Yes ⚠️
https://anihideck.org/hentai_top.html,100000,Yes ⚠️,Yes ⚠️
https://anime-joy.online/,100000,Yes ⚠️,Yes ⚠️
https://anime.reactor.cc/,100000,Yes ⚠️,Yes ⚠️
https://animegooo.net/,100000,Yes,Yes
https://animegooo.org/,100000,Yes,Yes
https://animemedia.org/,100000,No,Yes ⚠️
https://animeplaynow.com/lg/lg_0524/land_lg_030524_na_en/index.html?pid=hooligapps&c=92994&clickid=V4g81Y8C-Q-aUP6oFSarD_4GLS6p89-f&l=land_lg_desktop&utm_source=hooligapps,100000,Yes,No
https://animeplaynow.com/lg/lg_0524/land_lg_030524_na_en/index.html?pid=hooligapps&c=92994&clickid=eDpiMWAiR4XYoTEfjDrJ-g86L4cq6hMY&l=land_lg_desktop&utm_source=hooligapps,100000,No,Yes
https://anti-spiegel.ru/,100000,Yes ⚠️,Yes ⚠️
https://antitreningi.ru/,100000,Yes ⚠️,Yes ⚠️
https://apostamos.co/casino/list/home,100000,Yes ⚠️,Yes ⚠️
https://apps.sber.ru/,100000,Yes ⚠️,Yes ⚠️
https://arigus.tv/,100000,Yes ⚠️,Yes ⚠️
https://artsport.edu.kz/ru,100000,Yes ⚠️,Yes ⚠️
https://arzamas.academy/,100000,Yes ⚠️,Yes ⚠️
https://asst2game.ru/,100000,Yes ⚠️,Yes ⚠️
https://auction.ru/,100000,Yes ⚠️,Yes ⚠️
https://aume.ru/,100000,Yes ⚠️,Yes ⚠️
https://auroranews.am/,100000,Yes ⚠️,Yes ⚠️
https://auto.am/,100000,Yes ⚠️,Yes ⚠️
https://automall.md/,100000,Yes ⚠️,Yes ⚠️
https://autoostrov.by/,100000,Yes ⚠️,Yes ⚠️
https://autosport.com.ru/,100000,Yes ⚠️,Yes
https://autoteka.ru/,100000,Yes ⚠️,Yes ⚠️
https://avia.pro/,100000,Yes ⚠️,Yes ⚠️
https://avto-russia.ru/,100000,Yes ⚠️,Yes ⚠️
https://avtub.web.id/,100000,Yes,Yes
https://avtubxplay.web.id/,100000,Yes,Yes
https://bacoltube.baby/,100000,Yes,Yes
https://bambi.com.tr/,100000,No,Yes
https://banana.by/,100000,Yes ⚠️,Yes ⚠️
https://bani.md/,100000,Yes ⚠️,Yes ⚠️
https://barnaul.hh.ru/,100000,Yes ⚠️,Yes ⚠️
https://bdocodex.com/us/,100000,Yes,Yes ⚠️
https://beh-music.com/,100000,Yes ⚠️,Yes ⚠️
https://beltelecom.by/,100000,Yes ⚠️,Yes ⚠️
https://bes.media/,100000,Yes ⚠️,Yes ⚠️
https://bestmebelshop.by/,100000,Yes ⚠️,Yes ⚠️
https://bestweapon.me/,100000,Yes ⚠️,Yes ⚠️
https://bestweapon.net/,100000,Yes ⚠️,Yes ⚠️
https://betnews.by/,100000,Yes ⚠️,Yes ⚠️
https://between-us-girls.ru/,100000,Yes ⚠️,Yes ⚠️
https://bidbaits.ru/,100000,Yes ⚠️,No
https://bileton.ru/,100000,No,Yes ⚠️
https://bloknot.ru/,100000,Yes ⚠️,Yes ⚠️
https://bntu.by/,100000,Yes ⚠️,Yes ⚠️
https://bobr.by/,100000,Yes ⚠️,Yes ⚠️
https://bodrex.store/,100000,Yes ⚠️,Yes ⚠️
https://bokephub.tech/,100000,Yes,Yes
https://bokeptoket.inibagus.com/,100000,Yes,Yes
https://bokepvids.com/,100000,Yes ⚠️,Yes ⚠️
https://bookish.site/,100000,Yes ⚠️,No
https://bool2.kim/,100000,Yes ⚠️,Yes ⚠️
https://boolkim.com/,100000,Yes ⚠️,Yes ⚠️
https://boss.sexkomix2.com/,100000,Yes ⚠️,Yes ⚠️
https://browser.yandex.com/,100000,Yes,Yes
https://bryansk.news/,100000,Yes ⚠️,No
https://business.go.yandex/?testvar=b,100000,Yes ⚠️,Yes ⚠️
https://busy.az/,100000,Yes,Yes
https://bv.emofid.com/market,100000,Yes,Yes
https://calculator888.ru/,100000,Yes ⚠️,Yes ⚠️
https://ceritaonline.com/,100000,Yes ⚠️,Yes ⚠️
https://chelny-biz.ru/,100000,No,Yes ⚠️
https://chelyabinsk.hh.ru/,100000,Yes ⚠️,Yes ⚠️
https://chemequations.com/en/,100000,Yes ⚠️,Yes ⚠️
https://chessday.ru/,100000,Yes ⚠️,Yes ⚠️
https://cinema5.ru/#/,100000,Yes ⚠️,Yes ⚠️
https://cinemastercard.az/,100000,Yes ⚠️,Yes ⚠️
https://cis.infox.sg/,100000,Yes ⚠️,Yes ⚠️
https://cizgivedizi.com/,100000,Yes ⚠️,Yes ⚠️
https://class.rambler.ru/,100000,Yes ⚠️,Yes ⚠️
https://cocosbet.com/casino/home,100000,Yes ⚠️,Yes ⚠️
https://coub.com/random,100000,Yes ⚠️,Yes ⚠️
https://croco.md/ro,100000,Yes ⚠️,Yes ⚠️
https://csgo-guides.ru/,100000,Yes ⚠️,Yes ⚠️
https://daewoo.ir/,100000,Yes ⚠️,Yes ⚠️
https://darudar.org/,100000,Yes ⚠️,Yes ⚠️
https://daryn.kz/,100000,Yes ⚠️,Yes ⚠️
https://dating.ru/,100000,No,Yes ⚠️
https://davitamebel.ru/,100000,Yes ⚠️,Yes ⚠️
https://de.gay.bingo/,100000,Yes ⚠️,Yes ⚠️
https://de.shemale.movie/,100000,Yes ⚠️,Yes ⚠️
https://dela.ru/,100000,Yes ⚠️,Yes ⚠️
https://detmir.by/,100000,Yes ⚠️,Yes ⚠️
https://dic.academic.ru/,100000,Yes ⚠️,Yes ⚠️
https://docdoc.ru/,100000,Yes ⚠️,Yes ⚠️
https://doctorpiter.ru/,100000,Yes ⚠️,No
https://dota2.net/,100000,Yes ⚠️,Yes ⚠️
https://dramawiwik.baby/,100000,Yes,Yes
https://dropstab.com/,100000,Yes ⚠️,Yes ⚠️
https://e-avtomaktab.uz/,100000,Yes ⚠️,Yes ⚠️
https://ebooker.knigi.in.net/?noredir=1,100000,Yes,Yes
https://economist.kg/,100000,Yes ⚠️,Yes ⚠️
https://edu.skysmart.ru/,100000,Yes ⚠️,Yes ⚠️
https://egov.kz/cms/kk,100000,Yes ⚠️,Yes ⚠️
https://ekaraganda.kz/,100000,Yes ⚠️,Yes ⚠️
https://eljooker.com/,100000,Yes ⚠️,Yes ⚠️
https://eropixels.me/,100000,Yes ⚠️,Yes ⚠️
https://esp.md/ru,100000,Yes ⚠️,Yes ⚠️
https://fa-fa.kz/,100000,Yes ⚠️,Yes ⚠️
https://favoritmarket.com/,100000,Yes ⚠️,Yes ⚠️
https://fclm.news/,100000,Yes ⚠️,Yes ⚠️
https://finobzor.ru/,100000,Yes ⚠️,Yes ⚠️
https://fisher.spb.ru/,100000,Yes ⚠️,Yes ⚠️
https://fishingby.com/,100000,Yes ⚠️,Yes ⚠️
https://flibusta.one/,100000,Yes ⚠️,Yes ⚠️
https://forum.gipsyteam.ru/,100000,Yes ⚠️,Yes ⚠️
https://forum.ixbt.com/,100000,Yes ⚠️,Yes ⚠️
https://forum.na-svyazi.ru/,100000,Yes ⚠️,Yes ⚠️
https://forum.omskmama.ru/,100000,Yes ⚠️,Yes ⚠️
https://forum.say7.info/,100000,Yes ⚠️,Yes ⚠️
https://fr.gay.bingo/,100000,Yes ⚠️,Yes ⚠️
https://fr.hdsex.org/,100000,Yes ⚠️,Yes ⚠️
https://fr.videosection.com/,100000,Yes ⚠️,Yes ⚠️
https://free3d.io/#gsc.tab=0,100000,Yes ⚠️,Yes ⚠️
https://funlover.ru/funlover/login.jsp,100000,No,Yes ⚠️
https://gamer-mods.ru/,100000,Yes ⚠️,Yes ⚠️
https://gdz.fm/,100000,Yes ⚠️,Yes ⚠️
https://gdz.moda/,100000,Yes,Yes
https://genshin-info.ru/,100000,Yes ⚠️,Yes ⚠️
https://getgems.io/,100000,Yes ⚠️,Yes ⚠️
https://gifts.ru/,100000,Yes ⚠️,Yes ⚠️
https://gisher.me/,100000,Yes ⚠️,Yes ⚠️
https://glav.su/,100000,Yes ⚠️,Yes ⚠️
https://globaldrive.ru/,100000,Yes ⚠️,Yes ⚠️
https://go.filmitorrent3.site/,100000,Yes ⚠️,Yes ⚠️
https://goldencomics.art/,100000,No,Yes ⚠️
https://goldika.ir/,100000,Yes ⚠️,Yes ⚠️
https://gordeevaln.ru/,100000,Yes ⚠️,Yes ⚠️
https://gorobzor.ru/,100000,Yes ⚠️,Yes ⚠️
https://gostosas.blog/,100000,Yes ⚠️,Yes ⚠️
https://gpt-open.ru/,100000,Yes ⚠️,Yes ⚠️
https://grnd.gg/,100000,Yes ⚠️,Yes ⚠️
https://h5.aoneroom.com/,100000,Yes,Yes
https://hanmanjd.org/,100000,Yes ⚠️,Yes ⚠️
https://helpix.ru/,100000,Yes,Yes ⚠️
https://hemero.ru/,100000,Yes ⚠️,Yes ⚠️
https://hewar.mobi/,100000,Yes ⚠️,Yes ⚠️
https://hightech.fm/,100000,Yes ⚠️,Yes ⚠️
https://homemade.adult/,100000,Yes ⚠️,Yes ⚠️
https://homemade.xxx/,100000,Yes ⚠️,Yes ⚠️
https://homeread.net/,100000,Yes ⚠️,Yes ⚠️
https://hotabgnew.wiki/,100000,Yes,Yes
https://hoyganas.com/main,100000,Yes ⚠️,Yes ⚠️
https://i-gazeta.com/,100000,Yes ⚠️,Yes ⚠️
https://icekings.ru/,100000,Yes ⚠️,Yes ⚠️
https://idn148.livesports033.com/,100000,Yes,Yes
https://idn148.tigoals209.com/,100000,Yes,Yes
https://idn808.livesports033.com/,100000,Yes,Yes
https://idub.tv/,100000,Yes ⚠️,Yes ⚠️
https://igram.website/,100000,Yes ⚠️,Yes ⚠️
https://ino.school/,100000,Yes,Yes
https://inoprosport.ru/,100000,Yes ⚠️,Yes ⚠️
https://inoriginal.net/,100000,Yes,No
https://inpot.ru/,100000,Yes ⚠️,Yes ⚠️
https://internet.beeline.uz/uz/,100000,Yes ⚠️,Yes ⚠️
https://iqsaved.com/,100000,Yes ⚠️,Yes ⚠️
https://ircity.ru/,100000,Yes ⚠️,Yes ⚠️
https://irinely.art/,100000,Yes ⚠️,Yes ⚠️
https://irkutsk.hh.ru/,100000,Yes ⚠️,Yes ⚠️
https://ismlar.com/,100000,No,Yes ⚠️
https://iticket.az/en,100000,Yes ⚠️,Yes ⚠️
https://itorrent.ws/,100000,Yes ⚠️,Yes ⚠️
https://jav.wine/,100000,Yes ⚠️,Yes ⚠️
https://jetbuzz.bet/,100000,Yes ⚠️,Yes ⚠️
https://kabachok.xyz/,100000,Yes ⚠️,Yes ⚠️
https://karnameh.com/,100000,Yes,Yes
https://kaspyinfo.ru/,100000,Yes ⚠️,Yes ⚠️
https://kaz.nur.kz/,100000,Yes ⚠️,Yes ⚠️
https://kgd.ru/,100000,Yes ⚠️,No
https://king.rs/,100000,Yes ⚠️,No
https://knigia.info/,100000,Yes ⚠️,Yes ⚠️
https://ko44.ru/,100000,Yes ⚠️,Yes ⚠️
https://kot-baun.ru/,100000,Yes ⚠️,Yes ⚠️
https://kraj.by/,100000,Yes ⚠️,Yes ⚠️
https://krasnoyarsk.hh.ru/,100000,Yes ⚠️,Yes ⚠️
https://krsk.au.ru/,100000,No,Yes
https://kudapostupat.by/,100000,Yes ⚠️,Yes ⚠️
https://kumiho.one/,100000,Yes,No
https://kupidonia.ru/,100000,Yes ⚠️,Yes ⚠️
https://kviku.es/,100000,Yes ⚠️,No
https://kyrgyz-audio.com/,100000,Yes ⚠️,Yes ⚠️
https://lavka.yandex.ru/showcaptcha?cc=1&form-fb-hint=2.63&mt=99EC7800AEA222406324AAA492447B4B9C6483E845E5055468CF9E6BE875CF516C7E8EA89C5E4F98202816E5F24EC2C6737464FC354EB1541AD3F687E9F8FB5A4A3642296AFF77B5B98722C092220D4B21268CA7744D94A78432D221689C10428BB12AFCF7190BE5B499BB175B72C1F1C5189BA8417A4E2881BC83A99AB20A74C3DAE20CD70FEDC95A79364756439D69C8A37C03D7B707F08441E132962ED8BFFEEF4969E87D1B6EDD2F4BAAC1E695DCC9DD3C7C9980D518FE5C532603A9B35694A1446F428C6518D68B5FC25A10B478AD034CEAEB41C83981DB367B32&retpath=aHR0cHM6Ly9sYXZrYS55YW5kZXgucnUvPw%2C%2C_824cd345586bfb89b4a3d3519407cee7&t=2/1744431285/337c2b8d167ed25cb27c67522ac6182c&u=6386337451763224692&s=6763b54f0d3ea2e4465160c3e2dc9b6b,100000,Yes,No
https://lavka.yandex.ru/showcaptcha?cc=1&form-fb-hint=2.63&mt=B836028078E62C8BAE698E38C78614E4BDF1C1795729F60E147784E7702ECBC2CF7DC6593CC0B0877D5DDF41F82CBBDCA871F3B07A56759ABE293DAF9F1704D5A9CC5547B8E68305CEC744A423C190FA1631309C5FAEA88EE953E0B82562D561CBE55E58B96733C4B28645B5C768F5EE36064782371E3749D69840123D8989F78904594B34CC4B9BBCB7C90912E598F3E95EF4036602C3905AF26678161FE7ABCEEE7808ECF6945F6F7EAB342F682D1FEF4B1A33FF9BA9C237884195ECE0DB93784F55E25F60E2F35DF4CDB65AE99FFA4C481B80419EF283E001E76246&retpath=aHR0cHM6Ly9sYXZrYS55YW5kZXgucnUvPw%2C%2C_824cd345586bfb89b4a3d3519407cee7&t=2/1744435917/77e646645be2b0aefa9e272386a6d591&u=6386648284116472270&s=81d4b0ce80845174b49e78214c1fe69b,100000,No,Yes
https://learning.emofid.com/,100000,Yes,Yes
https://lgcity.ru/,100000,Yes ⚠️,Yes ⚠️
https://librarius.md/,100000,Yes ⚠️,Yes ⚠️
https://lidanews.by/,100000,Yes ⚠️,Yes ⚠️
https://lightaudio.ru/,100000,Yes ⚠️,Yes ⚠️
https://like.doctor/moskva,100000,No,Yes ⚠️
https://likefilmdb.ru/,100000,Yes ⚠️,Yes ⚠️
https://litfond.net/,100000,Yes ⚠️,Yes ⚠️
https://litmir.org/,100000,Yes ⚠️,Yes ⚠️
https://litvek.com/,100000,Yes ⚠️,Yes ⚠️
https://lk.mysbertips.ru/,100000,No,Yes ⚠️
https://lk.npfsb.ru/login,100000,Yes ⚠️,Yes ⚠️
https://logic-games.spb.ru/,100000,Yes ⚠️,Yes ⚠️
https://logistics.market.yandex.ru/lp/market-pvz,100000,Yes ⚠️,Yes ⚠️
https://lordfilm.ng/,100000,Yes ⚠️,Yes ⚠️
https://loveread.com.ua/,100000,Yes ⚠️,Yes ⚠️
https://lovesims.ru/,100000,Yes ⚠️,Yes ⚠️
https://luftika.rs/,100000,No,Yes
https://m.47news.ru/,100000,Yes ⚠️,Yes ⚠️
https://m.73online.ru/,100000,Yes ⚠️,Yes ⚠️
https://m.bloknot-novorossiysk.ru/,100000,Yes ⚠️,Yes ⚠️
https://m.bloknot-stavropol.ru/,100000,Yes ⚠️,Yes ⚠️
https://m.bloknot-taganrog.ru/,100000,Yes ⚠️,Yes ⚠️
https://m.bloknot-volgodonsk.ru/,100000,Yes ⚠️,Yes ⚠️
https://m.bloknot-voronezh.ru/,100000,Yes ⚠️,Yes ⚠️
https://m.dha.com.tr/,100000,Yes ⚠️,Yes ⚠️
https://m.knigavuhe.org/,100000,Yes ⚠️,Yes ⚠️
https://m.newkaliningrad.ru/,100000,Yes ⚠️,Yes ⚠️
https://m.pamyat-naroda.ru/,100000,Yes,Yes
https://m.pln24.ru/,100000,No,Yes ⚠️
https://m.poisk.vid.ru/,100000,No,Yes ⚠️
https://m.rzn.info/,100000,No,Yes ⚠️
https://m1.yaoi-poisk.ru/,100000,Yes ⚠️,Yes ⚠️
https://maaxbet.bet/slots/casino,100000,Yes ⚠️,Yes ⚠️
https://magiachisel.ru/,100000,Yes ⚠️,Yes ⚠️
https://mail.yandex.com.tr/,100000,Yes,Yes
https://manga-shi.su/,100000,Yes ⚠️,Yes ⚠️
https://mangaclub.ru/,100000,Yes ⚠️,Yes ⚠️
https://mangamen.ru/,100000,No,Yes ⚠️
https://maximumtest.ru/,100000,No,Yes
https://maximumtest.ru/nn,100000,Yes,No
https://media.mts.ru/,100000,No,Yes ⚠️
https://media.stoloto.ru/,100000,Yes ⚠️,Yes ⚠️
https://medinfo-yar.ru/,100000,No,Yes ⚠️
https://melovy.ir/,100000,Yes ⚠️,Yes ⚠️
https://metanit.com/,100000,Yes ⚠️,Yes ⚠️
https://meteoinfo.ru/,100000,Yes ⚠️,Yes ⚠️
https://mi-shop.com/,100000,Yes ⚠️,Yes ⚠️
https://miamibet.bet/sport/dgt/af/Home,100000,Yes ⚠️,Yes ⚠️
https://military.pravda.ru/,100000,No,Yes ⚠️
https://minifreemarket.com/,100000,Yes ⚠️,Yes ⚠️
https://mipped.com/,100000,Yes ⚠️,Yes ⚠️
https://mir-knigi.net/,100000,Yes ⚠️,Yes ⚠️
https://mir24.tv/,100000,No,Yes ⚠️
https://mirplus.info/,100000,Yes ⚠️,Yes ⚠️
https://mob.knigoblud.club/,100000,Yes ⚠️,Yes ⚠️
https://mobile.kinosimka.click/,100000,Yes,Yes
https://mobiltelefon.ru/,100000,Yes ⚠️,Yes ⚠️
https://mogilev.online/,100000,Yes ⚠️,Yes ⚠️
https://mohidub.net/,100000,Yes ⚠️,No
https://moiopros.ru/ru/,100000,Yes ⚠️,Yes ⚠️
https://mon.declarant.by/,100000,Yes ⚠️,Yes ⚠️
https://morphologyonline.ru/,100000,Yes ⚠️,Yes ⚠️
https://mosaica.ru/ru/ul,100000,Yes ⚠️,Yes ⚠️
https://murungkut.lol/,100000,Yes,Yes
https://muztext.com/,100000,Yes ⚠️,Yes ⚠️
https://my-chaturbat.su/,100000,Yes ⚠️,Yes ⚠️
https://mycard.africa1x2.com/,100000,Yes ⚠️,Yes ⚠️
https://mytabs.ru/,100000,Yes ⚠️,Yes ⚠️
https://news.1777.ru/,100000,Yes ⚠️,Yes ⚠️
https://news.rambler.ua/,100000,Yes ⚠️,Yes ⚠️
https://newsgomel.by/,100000,Yes ⚠️,Yes ⚠️
https://newtimes.kz/,100000,Yes ⚠️,Yes ⚠️
https://newxboxone.ru/,100000,Yes ⚠️,Yes ⚠️
https://ngnovoros.ru/,100000,Yes ⚠️,Yes ⚠️
https://nhl.ru/,100000,Yes ⚠️,Yes ⚠️
https://nicebot.ru/,100000,Yes ⚠️,Yes ⚠️
https://nikib.co.il/,100000,Yes ⚠️,Yes ⚠️
https://nn.hh.ru/,100000,Yes ⚠️,Yes ⚠️
https://nodesale.denet.app/,100000,Yes ⚠️,Yes ⚠️
https://novelight.net/,100000,Yes ⚠️,Yes ⚠️
https://novorab.ru/,100000,Yes ⚠️,Yes ⚠️
https://novostirostov.ru/,100000,Yes,Yes
https://numeralonline.ru/,100000,Yes ⚠️,Yes ⚠️
https://nversia.ru/,100000,Yes ⚠️,Yes
https://obastan.com/,100000,Yes ⚠️,Yes ⚠️
https://ogosex.date/,100000,Yes,Yes ⚠️
https://ogrenci.baskent.edu.tr/,100000,Yes ⚠️,Yes ⚠️
https://ohnotheydidnt.livejournal.com/,100000,Yes ⚠️,Yes ⚠️
https://okporn.xxx/,100000,Yes ⚠️,Yes ⚠️
https://olamsport.com/uz/m/,100000,Yes ⚠️,Yes ⚠️
https://old.reactor.cc/,100000,Yes ⚠️,Yes ⚠️
https://oliygoh.uz/,100000,Yes ⚠️,Yes
https://omsk.hh.ru/,100000,Yes,Yes ⚠️
https://omskmedia.su/,100000,Yes,Yes ⚠️
https://omskzdrav.ru/,100000,No,Yes ⚠️
https://onlinelit.net/,100000,Yes ⚠️,Yes ⚠️
https://onlinereads.net/,100000,Yes ⚠️,Yes ⚠️
https://onrealt.ru/,100000,Yes ⚠️,Yes ⚠️
https://openshop.uz/,100000,Yes ⚠️,Yes ⚠️
https://orgeo.ru/,100000,No,Yes ⚠️
https://orginfo.uz/,100000,No,Yes ⚠️
https://otkrytki.top/,100000,Yes ⚠️,Yes ⚠️
https://otyrar.kz/,100000,Yes ⚠️,No
https://paluba.media/,100000,Yes ⚠️,Yes ⚠️
https://parsiday.com/,100000,Yes ⚠️,Yes ⚠️
https://pchet.ru/,100000,Yes ⚠️,Yes ⚠️
https://pda.izib.uk/,100000,Yes ⚠️,Yes ⚠️
https://pe-world.org/,100000,Yes ⚠️,Yes ⚠️
https://pefl.ru/,100000,Yes ⚠️,Yes ⚠️
https://pencurimoviesubmalay.space/,100000,Yes,Yes
https://peopletalk.ru/,100000,Yes ⚠️,No
https://pepelac.news/,100000,No,Yes ⚠️
https://peremoga.club/,100000,Yes ⚠️,Yes ⚠️
https://peringatan.wiki/,100000,Yes ⚠️,Yes ⚠️
https://perm.hh.ru/,100000,Yes ⚠️,Yes ⚠️
https://personal.mts.ru/,100000,No,Yes ⚠️
https://personal.planetvpnfree.com/,100000,Yes,Yes
https://pes-files.ru/,100000,Yes ⚠️,Yes ⚠️
https://phoneticonline.ru/,100000,Yes ⚠️,Yes ⚠️
https://pinkamuz.pro/,100000,Yes ⚠️,Yes ⚠️
https://pl.el-ed.ru/auth,100000,Yes ⚠️,Yes ⚠️
https://play31.tigoals209.com/,100000,Yes,Yes
https://playcrot.com/,100000,Yes,Yes
https://playuz.net/,100000,Yes ⚠️,Yes ⚠️
https://pluggedin.ru/,100000,Yes ⚠️,Yes ⚠️
https://pod-zvonok.ru/,100000,Yes,Yes
https://poemata.ru/,100000,Yes ⚠️,Yes ⚠️
https://pornosliv.com/,100000,Yes ⚠️,Yes ⚠️
https://pornpics.click/,100000,Yes ⚠️,Yes ⚠️
https://portal18.is-mis.ru/,100000,Yes,Yes
https://portofranko-vl.ru/,100000,Yes ⚠️,Yes ⚠️
https://postupi.info/,100000,Yes ⚠️,Yes ⚠️
https://pravoved.ru/,100000,Yes ⚠️,Yes ⚠️
https://prognoz3.ru/,100000,Yes ⚠️,Yes ⚠️
https://progorod76.ru/,100000,Yes ⚠️,Yes ⚠️
https://propiy.com/fa,100000,Yes,Yes
https://proshoper.ru/,100000,Yes ⚠️,Yes ⚠️
https://proso.by/,100000,Yes ⚠️,Yes ⚠️
https://pvsz2.ru/,100000,Yes ⚠️,Yes ⚠️
https://qazpost.kz/,100000,Yes ⚠️,Yes ⚠️
https://r-hockey.ru/,100000,Yes ⚠️,Yes ⚠️
https://radiopotok.online/,100000,Yes,Yes ⚠️
https://rail.cc/,100000,Yes ⚠️,Yes ⚠️
https://ranobe.me/,100000,No,Yes ⚠️
https://ratings.ruchess.ru/,100000,Yes ⚠️,Yes ⚠️
https://rbcrealty.ru/,100000,No,Yes ⚠️
https://redheadsound.studio/,100000,Yes ⚠️,Yes ⚠️
https://reg.rikc.by/login,100000,Yes ⚠️,Yes ⚠️
https://regions.ru/,100000,Yes ⚠️,Yes ⚠️
https://repost.uz/,100000,Yes ⚠️,Yes ⚠️
https://reviews.yandex.ru/ugcpub/cabinet,100000,Yes,Yes
https://rf.netki.org/,100000,Yes ⚠️,Yes ⚠️
https://rf4-stat.ru/,100000,Yes ⚠️,Yes ⚠️
https://ritsatv.ru/mobile-version/,100000,Yes ⚠️,Yes ⚠️
https://rman5.org/,100000,Yes ⚠️,Yes ⚠️
https://romance-club.ru/,100000,Yes ⚠️,Yes ⚠️
https://rostov.hh.ru/,100000,Yes ⚠️,Yes ⚠️
https://roulette.chat/,100000,Yes ⚠️,Yes ⚠️
https://rozetked.me/,100000,Yes ⚠️,Yes ⚠️
https://rs.beosport.com/,100000,Yes ⚠️,Yes ⚠️
https://rserial.com/,100000,Yes ⚠️,Yes
https://rsport.ria.ru/,100000,Yes ⚠️,Yes ⚠️
https://ru-meteo.ru/,100000,Yes ⚠️,Yes ⚠️
https://ru.chaturbator.su/,100000,Yes ⚠️,Yes ⚠️
https://ru.m.ruwiki.ru/wiki/%D0%97%D0%B0%D0%B3%D0%BB%D0%B0%D0%B2%D0%BD%D0%B0%D1%8F_%D1%81%D1%82%D1%80%D0%B0%D0%BD%D0%B8%D1%86%D0%B0,100000,Yes ⚠️,Yes ⚠️
https://ru.made-in-china.com/,100000,Yes ⚠️,Yes ⚠️
https://ru.myfin.by/,100000,Yes ⚠️,Yes ⚠️
https://rusathletics.info/,100000,Yes ⚠️,Yes ⚠️
https://rusbiathlon.ru/,100000,Yes ⚠️,Yes ⚠️
https://russiabasket.ru/,100000,No,Yes ⚠️
https://russian7.ru/,100000,Yes ⚠️,Yes ⚠️
https://rustv.live/,100000,Yes ⚠️,Yes ⚠️
https://rutube.ru/multipass/login/?new_login=true&login-params=referer=https%3A%2F%2Fstudio.rutube.ru%2F&new-next=https%3A%2F%2Fstudio.rutube.ru%2F&snake-yaCounter=74619673&_ym_debug=1&themeId=white2021,100000,Yes,Yes
https://rutv.turkru.mom/,100000,Yes ⚠️,Yes ⚠️
https://ruwest.ru/,100000,Yes ⚠️,Yes ⚠️
https://saby.ru/,100000,No,Yes ⚠️
https://sakh.online/,100000,Yes ⚠️,No
https://sakha-sire.ru/,100000,No,Yes ⚠️
https://sakhaday.ru/,100000,No,Yes ⚠️
https://sakhalinmedia.ru/,100000,Yes,No
https://samara.hh.ru/,100000,Yes ⚠️,Yes ⚠️
https://sanjagh.pro/cities/%D8%AA%D9%87%D8%B1%D8%A7%D9%86,100000,No,Yes ⚠️
https://sbermobile.ru/,100000,Yes,No
https://scan.com.ru/,100000,Yes ⚠️,Yes ⚠️
https://sdelanounas.ru/,100000,No,Yes ⚠️
https://se7en.ws/,100000,Yes ⚠️,Yes ⚠️
https://secim.hurriyet.com.tr/,100000,Yes ⚠️,Yes ⚠️
https://senler.ru/,100000,Yes ⚠️,Yes ⚠️
https://sex-chaturbat.ru/,100000,Yes ⚠️,Yes ⚠️
https://sexcam.cafe/,100000,Yes ⚠️,Yes ⚠️
https://sexogratis.blog/,100000,Yes ⚠️,Yes ⚠️
https://sexoporno.blog/,100000,Yes ⚠️,Yes ⚠️
https://sexpornotales.pro/,100000,Yes ⚠️,Yes ⚠️
https://shakhty-media.ru/,100000,Yes ⚠️,Yes ⚠️
https://shazoo.ru/,100000,Yes ⚠️,Yes ⚠️
https://shemale.movie/,100000,Yes ⚠️,Yes ⚠️
https://shkatulka-sew.ru/,100000,No,Yes ⚠️
https://shop.a1.by/,100000,Yes ⚠️,Yes ⚠️
https://shop.by/,100000,Yes,Yes ⚠️
https://simpthots.com/,100000,Yes ⚠️,Yes ⚠️
https://skidkaonline.by/,100000,Yes ⚠️,Yes ⚠️
https://skidkaonline.ru/,100000,Yes ⚠️,Yes ⚠️
https://slavia.by/,100000,Yes ⚠️,Yes ⚠️
https://sliv0k.ru/,100000,Yes,Yes
https://slova.org.ru/,100000,Yes ⚠️,Yes ⚠️
https://smi24.kz/ru,100000,Yes ⚠️,Yes ⚠️
https://sn.kz/,100000,Yes ⚠️,Yes ⚠️
https://snappcarfix.com/,100000,Yes ⚠️,Yes ⚠️
https://sochistream.ru/,100000,Yes ⚠️,Yes ⚠️
https://soff.uz/,100000,Yes ⚠️,Yes ⚠️
https://sozluk.obastan.com/,100000,Yes ⚠️,Yes ⚠️
https://spbdnevnik.ru/,100000,Yes ⚠️,Yes ⚠️
https://spkostroma.ru/index.php?action=login,100000,Yes ⚠️,Yes ⚠️
https://spkubani.club/,100000,Yes ⚠️,Yes ⚠️
https://sports.uz/,100000,Yes ⚠️,Yes ⚠️
https://sportsdzen.ru/,100000,No,Yes ⚠️
https://sputnik.by/#,100000,Yes ⚠️,Yes ⚠️
https://standoff-2-private.ru/,100000,Yes ⚠️,Yes ⚠️
https://stepik.org/catalog,100000,Yes ⚠️,Yes ⚠️
https://stih.su/,100000,No,Yes ⚠️
https://store77.net/,100000,Yes ⚠️,Yes ⚠️
https://student.kspi365.uz/login.php,100000,Yes ⚠️,Yes ⚠️
https://stuki-druki.com/,100000,No,Yes ⚠️
https://super.kg/,100000,Yes ⚠️,Yes ⚠️
https://svirals.revacsolutions.com/,100000,Yes ⚠️,Yes ⚠️
https://synthira.ru/,100000,Yes ⚠️,Yes ⚠️
https://t.rasp.yandex.by/showcaptcha?form-fb-hint=8.98&mt=2E4401F401FB7D93E268ECA370EE65E564D14A085C8BA28B67CCE115B5FEE2D9948A1CBFAA03D31FBE33611D77E6291192C119C515DDEC47F0871763A861E78DA9DD9B58BD166EBDC43B3A3499FCB3CA5B84189FFDA53606D09BD8DC95C65BC143EAF6768590F734B0BB2332F415DF3AA20CEAD0153CD7CFB86AC9613FEE776A7576BB763D14FB684DC16C9A1358D5FD9C508A5639C8877BCA319F19785F9BA5D740013FF4E8BC60713481EDE22DBD672A25823DC92D6520BB7518F70D73FA20D4E2BDD0397BB26A53C5A88DEB402882CA5CA874D0933BFE92DE8D46AF&retpath=aHR0cHM6Ly90LnJhc3AueWFuZGV4LmJ5Lw%2C%2C_500c91d9e966d7c22d2bb0fb84e3ed9d&t=2/1744443759/893cca5b1e9b6abbc50289f4db761b80&u=6387174592494096416&s=987aad5a22faf28351617e9efeacdaf5,100000,Yes,No
https://t.rasp.yandex.kz/showcaptcha?form-fb-hint=8.98&mt=9DF41704F311840A5CF977680BD5969E263F863645EDE6F6B1931BA736B275DA590B0720C16B685D3DC0521298CBEF06CC0EB2CB7B42015746A30CDB2C07D0F54C8EF22E764EFC2EE434851E90F52DADED8EF59EC97843592A46004C266FE74CE3CCAB7235B1E550F0C73B96C2108B7E636CFE2A481CBB5BB77D36B0C260A74DECEEFB1A51A747F5F8FDC326CD56F525308DE0EEE2036698C443D94E985FD6FB5839CC88FECC86876C7B5E7122B1321861BF4DE76FE1F8C88D4EB107E9B230D7C718252F5DF0B4CBEFB73897F7CD6222CC7D71DC893445A79E7F43400D&retpath=aHR0cHM6Ly90LnJhc3AueWFuZGV4Lmt6Lw%2C%2C_597dd071c825c391fd4ac0917e782ab7&t=2/1744419343/b719f110baf283429f86bd0574c61123&u=6385536036098723874&s=ce9a67709e6e6038a6aab35eae51cf9a,100000,Yes,No
https://t.rasp.yandex.kz/showcaptcha?form-fb-hint=8.98&mt=EC9DDF64C4BEE432EDAD016E88166D71D80679D348FA6C5FA4401DAC500EA785CDF5FAF96E2E90BE8818630EDB2138BB3D86437565591B6A1C6E040A2D13BB5724458132B97368FBCAB8E19C2BC3A514281A0DA0CB96E6E6984B50B7C154201DA07E367EC49D8B99BAF0F4ACA21CCACA053CBF6217CD4155382A308A8B3D74EE8E20FDCCAA0D156F54D32CA3B9E26A0526686AB436CB079E0D394AB6543433F070E084B3CC593E450E789CDE6A8463E704735D60DC9DEE199E2EF7BDFFD73C768DCAA79F082613EFAE20F6EBB63271D0C826A005A8FA454378C0EBFD83&retpath=aHR0cHM6Ly90LnJhc3AueWFuZGV4Lmt6Lw%2C%2C_597dd071c825c391fd4ac0917e782ab7&t=2/1744423810/39bfbd48999cd4ce7afc1daf5620bd9f&u=6385835816091832608&s=33989ed56303bad740c495cd81b448df,100000,No,Yes
https://tara360.ir/,100000,Yes ⚠️,Yes ⚠️
https://tehnoomsk.ru/,100000,Yes ⚠️,Yes ⚠️
https://tele2.kz/new,100000,Yes ⚠️,Yes ⚠️
https://telegramtraffic.ru/,100000,Yes ⚠️,Yes ⚠️
https://telepot.ru/,100000,Yes ⚠️,Yes ⚠️
https://test.migrantvrn.ru/,100000,No,Yes ⚠️
https://tests24.ru/,100000,Yes ⚠️,Yes ⚠️
https://tests24.su/,100000,Yes ⚠️,Yes ⚠️
https://textometr.ru/,100000,Yes ⚠️,Yes ⚠️
https://textplus.ru/,100000,Yes ⚠️,Yes ⚠️
https://tgsearch.org/,100000,No,Yes ⚠️
https://th.modw.net/,100000,Yes ⚠️,Yes ⚠️
https://theinteres.site/,100000,Yes ⚠️,Yes ⚠️
https://thrones-online.com/,100000,Yes ⚠️,Yes ⚠️
https://tickets.hcsibir.ru/,100000,Yes,Yes
https://time100.ru/,100000,Yes ⚠️,Yes ⚠️
https://tizland.ir/,100000,Yes ⚠️,Yes ⚠️
https://tkani.site/,100000,No,Yes ⚠️
https://tnv.ru/,100000,Yes ⚠️,Yes ⚠️
https://tolknews.ru/,100000,Yes ⚠️,Yes ⚠️
https://tomsk.hh.ru/,100000,Yes ⚠️,Yes ⚠️
https://top-cheat.ru/,100000,Yes ⚠️,Yes ⚠️
https://top-mods.com/,100000,Yes ⚠️,Yes ⚠️
https://top-mods.ru/,100000,Yes ⚠️,Yes ⚠️
https://toping.uz/,100000,Yes ⚠️,Yes ⚠️
https://topreading.net/,100000,Yes ⚠️,Yes ⚠️
https://topvisor.com/,100000,Yes ⚠️,Yes ⚠️
https://topzvon.net/,100000,Yes,Yes
https://trannyclips.com/,100000,Yes ⚠️,Yes ⚠️
https://trikky.ru/,100000,Yes ⚠️,Yes ⚠️
https://trinixy.ru/,100000,Yes,Yes
https://truckdrive.ru/,100000,Yes ⚠️,Yes ⚠️
https://tshirtdirectory.com/,100000,Yes,Yes
https://turkline.tv/,100000,Yes ⚠️,Yes ⚠️
https://tv-gubernia.ru/,100000,Yes ⚠️,Yes ⚠️
https://tv-turkru.com/,100000,Yes,Yes
https://tv.doramy.info/,100000,Yes ⚠️,Yes ⚠️
https://tv.yandex.by/,100000,Yes ⚠️,Yes ⚠️
https://tvernews.ru/,100000,Yes ⚠️,Yes ⚠️
https://tvmag.ru/,100000,Yes ⚠️,Yes ⚠️
https://tyumen.hh.ru/,100000,Yes ⚠️,Yes ⚠️
https://u.100pezd.net/,100000,Yes ⚠️,Yes ⚠️
https://uae.yallamotor.com/,100000,Yes,Yes ⚠️
https://ufa.hh.ru/,100000,Yes ⚠️,Yes
https://ukraina.ru/,100000,Yes ⚠️,Yes ⚠️
https://ukula.ru/singer/,100000,Yes ⚠️,Yes ⚠️
https://uslugi.yandex.ru/,100000,Yes,Yes
https://uzbek15.uzporn.pics/,100000,Yes,Yes
https://uzgdz.com/,100000,Yes ⚠️,Yes ⚠️
https://uzmanparam.milliyet.com.tr/,100000,Yes ⚠️,Yes ⚠️
https://uzmoovi.com/,100000,Yes ⚠️,Yes ⚠️
https://uznev.uz/,100000,Yes ⚠️,Yes ⚠️
https://uzxit.net/,100000,Yes,Yes ⚠️
https://v-tagile.ru/,100000,No,Yes ⚠️
https://v1.astar.bz/,100000,Yes ⚠️,Yes ⚠️
https://v1.ru/,100000,Yes ⚠️,Yes ⚠️
https://v102.ru/,100000,Yes ⚠️,Yes ⚠️
https://v3.moonhub.live/,100000,Yes ⚠️,Yes ⚠️
https://v5r.slaypay.space/,100000,Yes ⚠️,Yes ⚠️
https://vanille.by/,100000,Yes ⚠️,Yes ⚠️
https://vavada-bang.com/,100000,Yes ⚠️,Yes ⚠️
https://vavada-co4.info/,100000,Yes ⚠️,Yes ⚠️
https://vavada-fog.com/,100000,Yes,Yes
https://vayvnd.vn/,100000,Yes ⚠️,Yes ⚠️
https://veles.finance/en,100000,Yes ⚠️,Yes ⚠️
https://vfrsute.ru/,100000,No,Yes ⚠️
https://vgae.ru/,100000,No,Yes ⚠️
https://vgr.by/,100000,No,Yes ⚠️
https://vgudok.com/,100000,Yes ⚠️,Yes ⚠️
https://video-dom2.ru/,100000,Yes ⚠️,Yes ⚠️
https://vimetop.ru/,100000,Yes ⚠️,Yes ⚠️
https://vimo.cam/,100000,Yes ⚠️,Yes ⚠️
https://vinwonders.com/vi/,100000,Yes ⚠️,Yes ⚠️
https://vipgdz.com/,100000,Yes ⚠️,Yes ⚠️
https://voenhronika.ru/,100000,No,Yes ⚠️
https://volley.ru/,100000,Yes ⚠️,Yes ⚠️
https://voronezh.hh.ru/,100000,Yes ⚠️,Yes ⚠️
https://vpliuse.ru/,100000,Yes ⚠️,Yes ⚠️
https://vsthouse.ru/,100000,Yes ⚠️,Yes ⚠️
https://wallpapers.99px.ru/,100000,Yes ⚠️,Yes ⚠️
https://wamanga.me/,100000,Yes ⚠️,No
https://weather.rambler.ru/,100000,Yes ⚠️,Yes ⚠️
https://wer.ru/,100000,No,Yes ⚠️
https://wiki.cs.money/,100000,Yes ⚠️,Yes ⚠️
https://windows64.net/,100000,Yes ⚠️,Yes ⚠️
https://wroom.ru/,100000,Yes ⚠️,Yes ⚠️
https://www.808bola196.com/,100000,Yes,Yes
https://www.apotekajankovic.rs/,100000,Yes ⚠️,Yes ⚠️
https://www.avsu.ru/,100000,No,Yes ⚠️
https://www.bestjapan.ru/,100000,Yes ⚠️,Yes ⚠️
https://www.bitalih.com/,100000,Yes ⚠️,Yes ⚠️
https://www.bug.co.il/,100000,Yes,Yes
https://www.calend.ru/,100000,Yes ⚠️,Yes ⚠️
https://www.caravan.kz/,100000,Yes ⚠️,Yes ⚠️
https://www.city-n.ru/,100000,Yes ⚠️,Yes ⚠️
https://www.cizgivedizi.com/,100000,Yes ⚠️,Yes ⚠️
https://www.ckbran.ru/,100000,Yes ⚠️,Yes ⚠️
https://www.ekolonline.com/,100000,Yes ⚠️,Yes ⚠️
https://www.elleshoes.com/,100000,Yes,Yes
https://www.emofid.com/,100000,Yes,Yes
https://www.emu-land.net/,100000,Yes ⚠️,Yes ⚠️
https://www.faturaodemelisin.com/,100000,Yes ⚠️,Yes ⚠️
https://www.fitnesshouse.ru/,100000,Yes ⚠️,Yes ⚠️
https://www.football.kulichki.net/,100000,Yes ⚠️,Yes ⚠️
https://www.freeporntube.tv/,100000,Yes ⚠️,Yes ⚠️
https://www.gayxxx.cc/,100000,No,Yes ⚠️
https://www.gayxxx.cc/de/,100000,Yes ⚠️,No
https://www.goaloo.com/,100000,Yes ⚠️,Yes ⚠️
https://www.goodfon.ru/,100000,Yes ⚠️,Yes ⚠️
https://www.grandcasino.by/,100000,Yes ⚠️,No
https://www.gtavicecity.ru/,100000,Yes ⚠️,Yes ⚠️
https://www.hrmotor.com/,100000,Yes ⚠️,Yes ⚠️
https://www.i2symbol.com/,100000,Yes ⚠️,Yes ⚠️
https://www.indianprn.com/,100000,Yes ⚠️,Yes ⚠️
https://www.inkefalonia.gr/,100000,Yes ⚠️,Yes ⚠️
https://www.jinshuzhijia.com/,100000,Yes ⚠️,Yes ⚠️
https://www.karaoke.ru/,100000,Yes ⚠️,Yes ⚠️
https://www.keelalive.com/,100000,Yes,Yes
https://www.kempinski.com/en,100000,Yes,Yes
https://www.kinodraiv.pro/,100000,Yes ⚠️,Yes ⚠️
https://www.krasotaimedicina.ru/,100000,Yes ⚠️,Yes ⚠️
https://www.laparfumerie.org/,100000,Yes ⚠️,Yes ⚠️
https://www.lastikborsasi.com/,100000,Yes ⚠️,Yes ⚠️
https://www.lescon.com.tr/,100000,Yes ⚠️,Yes ⚠️
https://www.life-moon.pp.ru/,100000,Yes ⚠️,Yes ⚠️
https://www.litlib.info/,100000,Yes ⚠️,Yes
https://www.madparfum.com/,100000,No,Yes
https://www.malwee.com.br/,100000,Yes ⚠️,Yes ⚠️
https://www.marieclaire.ru/,100000,Yes,No
https://www.medipiel.com.co/,100000,Yes ⚠️,Yes ⚠️
https://www.mignews.com/,100000,Yes,No
https://www.mofidteb.com/,100000,Yes ⚠️,Yes ⚠️
https://www.moon.ru/,100000,No,Yes ⚠️
https://www.moscowmap.ru/,100000,No,Yes ⚠️
https://www.mp3indirdur.com.tr/,100000,Yes ⚠️,Yes ⚠️
https://www.mp3indirdur.net.tr/,100000,Yes ⚠️,Yes ⚠️
https://www.nasipse.com/,100000,Yes ⚠️,Yes ⚠️
https://www.newbalance.com.tr/,100000,Yes,Yes
https://www.ng.ru/,100000,Yes ⚠️,Yes ⚠️
https://www.noob-club.ru/,100000,Yes ⚠️,Yes ⚠️
https://www.noone.ru/,100000,Yes ⚠️,Yes ⚠️
https://www.om1.ru/,100000,Yes,Yes
https://www.pdd24.com/,100000,Yes ⚠️,Yes ⚠️
https://www.penzainform.ru/,100000,Yes ⚠️,Yes ⚠️
https://www.porndupe.art/,100000,Yes ⚠️,Yes ⚠️
https://www.pornoreino.com/,100000,Yes ⚠️,Yes ⚠️
https://www.porntube.gg/,100000,Yes ⚠️,Yes ⚠️
https://www.pt.com.tr/,100000,Yes ⚠️,Yes ⚠️
https://www.q5.by/,100000,Yes ⚠️,Yes ⚠️
https://www.rbtv77.forum/,100000,Yes,Yes
https://www.realplaza.com/,100000,Yes ⚠️,Yes ⚠️
https://www.rigla.ru/,100000,Yes,No
https://www.salomon.com.tr/,100000,Yes ⚠️,Yes ⚠️
https://www.say7.info/,100000,Yes ⚠️,Yes ⚠️
https://www.sberometer.ru/,100000,Yes ⚠️,Yes ⚠️
https://www.shtampik.com/,100000,Yes,Yes
https://www.sibdom.ru/,100000,No,Yes ⚠️
https://www.soliton.az/,100000,Yes,Yes
https://www.sporthink.com.tr/,100000,Yes ⚠️,Yes ⚠️
https://www.stranamam.ru/,100000,Yes ⚠️,Yes ⚠️
https://www.sunhome.ru/,100000,No,Yes
https://www.takagazete.com.tr/,100000,Yes ⚠️,Yes ⚠️
https://www.temizmama.com/,100000,Yes,Yes
https://www.time-namaz.ru/,100000,Yes ⚠️,Yes ⚠️
https://www.tourister.ru/,100000,Yes ⚠️,Yes ⚠️
https://www.touristica.com.tr/,100000,Yes ⚠️,Yes ⚠️
https://www.tyys2.com/,100000,Yes ⚠️,Yes ⚠️
https://www.ural56.ru/,100000,Yes ⚠️,Yes
https://www.uralairlines.ru/,100000,Yes ⚠️,Yes ⚠️
https://www.vb.kg/,100000,Yes ⚠️,Yes ⚠️
https://www.yalispor.com.tr/,100000,Yes ⚠️,Yes ⚠️
https://www.yapokupayu.ru/,100000,Yes ⚠️,Yes ⚠️
https://www.zuhalmuzik.com/,100000,Yes ⚠️,Yes ⚠️
https://www.zuhre.com.tr/,100000,Yes ⚠️,No
https://www.zuhre.com.tr/en,100000,No,Yes ⚠️
https://xbeavervid.com/,100000,Yes,Yes
https://xistore.by/,100000,Yes ⚠️,Yes ⚠️
https://xlib.info/,100000,Yes ⚠️,Yes ⚠️
https://xman6.com/,100000,Yes ⚠️,Yes ⚠️
https://xn----7sbnbkvqmbbuw.xn--p1ai/,100000,Yes ⚠️,Yes ⚠️
https://xn----etbpba5admdlad.xn--p1ai/,100000,Yes ⚠️,Yes ⚠️
https://xn--44-6kcanlw5ddbimco.xn--p1ai/,100000,No,Yes ⚠️
https://xn--b1algemdcsb.xn--p1ai/,100000,Yes ⚠️,Yes ⚠️
https://xnxxarab.me/,100000,Yes,Yes
https://xxsex24sex.com/,100000,Yes ⚠️,Yes ⚠️
https://xzhentai.net/,100000,Yes ⚠️,Yes ⚠️
https://ya-turbo.ru/,100000,Yes ⚠️,Yes ⚠️
https://ya62.ru/,100000,Yes ⚠️,Yes
https://yakniga.org/,100000,No,Yes ⚠️
https://yaldagames.com/,100000,Yes ⚠️,Yes ⚠️
https://yandex.com.ge/,100000,Yes,Yes
https://yandex.com.tr/,100000,Yes,Yes
https://yandex.com.tr/showcaptcha?cc=1&form-fb-hint=8.46&mt=F84F11A89C2022B02E20E6BCCF990CCFEC8CB81667DFDF99EDDFBF7FB6D3BE89DFD71D3E89880EBDE0572DC300CE6FC09354E913648948AE3992FEFBCE27F13961EA6DEEE8AC865F8009A78728C93B398A90AD5DB39ABF696C3647251307C817B0237D33C43A31B1BC82DCADAE4AD91B669176C477009569496E355603CB7A0BCE2F1A2470586A231A6C891E27AB99DFEF98A0F591E4AADD7BBAD9D2D186CFE2173F4D35D376F5E4720818C8DB47E0C57A0D6133110EE168525A14436239F2EA0D5945434C118E96E59773BCB3D80B658B8D29DA4280F9E4DF3507B509&retpath=aHR0cHM6Ly95YW5kZXguY29tLnRyLz8%2C_561b01e6245b9d151bf47a7aece67263&t=2/1744469311/5d91e21ed23fc60cc739e9ed5df3bde4&u=6388889321278984624&s=7df3505d47140a18b4cedbc90974e339,100000,No,Yes
https://yandex.com/,100000,Yes,Yes
https://yandex.md/,100000,Yes,Yes
https://yandex.tj/,100000,Yes,Yes
https://yandex.tm/,100000,Yes,Yes
https://yasno.live/,100000,Yes ⚠️,Yes ⚠️
https://yummyani.me/,100000,Yes,Yes
https://zab.ru/,100000,Yes ⚠️,Yes ⚠️
https://zebra-tv.ru/,100000,Yes ⚠️,Yes ⚠️
https://zfilms-hd.by/,100000,Yes ⚠️,Yes ⚠️
https://zrelki.link/,100000,Yes,Yes
https://zvonoki.ru/,100000,Yes ⚠️,Yes ⚠️
